"1","GHPS-CHIKKABIDARAKALLU (1-5)","hkh","77.487560","13.051405",,,"RC00001","BAGALAGUNTE"
"2","GHS-CHIKKABIDARAKALLU (9-10)","hkh","77.487560","13.051405",,,"RC00001","BAGALAGUNTE"
"3","GLPS-MUNI SWAMAPPA LAYOUT (1-5)","hkh","77.489358","13.045227",,,"RC00001","BAGALAGUNTE"
"4","GLPS-CHANNANAYAKANA  PALYA (1-5)","hkh","77.484085","13.043653",,,"RC00001","BAGALAGUNTE"
"5","GHPS-MADHAVARA (1-5)","hkh","77.472150","13.053467",,,"RC00001","BAGALAGUNTE"
"6","GHPS-SIDDANA HOSAHALLI (1-5)","hkh","77.459648","13.055447",,,"RC00001","BAGALAGUNTE"
"7","GLPS-KADARANAHALLI (1-5)","hkh","77.450208","13.041402",,,"RC00001","BAGALAGUNTE"
"8","GHPS-LAKSHMIPURA (1-5)","hkh","77.461972","13.036807",,,"RC00001","BAGALAGUNTE"
"9","GHS-MAKALI (9-10)","hkh","77.456160","13.068657",,,"RC00001","BAGALAGUNTE"
"10","GHPS-HEGGADADEVANAPURA (1-5)","hkh","77.456160","13.074800",,,"RC00001","BAGALAGUNTE"
"11","GLPS-DOMBERAHALLI (1-5)","hkh","77.460198","13.046908",,,"RC00001","BAGALAGUNTE"
"12","GLPS-KAMMASANDRA (1-5)","hkh","77.438983","13.0.0127",,,"RC00001","BAGALAGUNTE"
"13","GHPS-HAROKETHMARANAHALLI (1-5)","hkh","77.443808","13.050923",,,"RC00001","BAGALAGUNTE"
"14","GHPS-MADANAYAKANAHALLI (1-5)","hkh","77.463015","13.061983",,,"RC00001","BAGALAGUNTE"
"15","GLPS-HANUMANTHA SAGAR (1-5)","hkh","77.468515","13.070905",,,"RC00001","BAGALAGUNTE"
"16","GHPS-SRIKANTAPURA (1-5)","hkh","77.480297","13.056315",,,"RC00001","BAGALAGUNTE"
"17","MALLIKARJUNA HPS-A K COLONY (1-5)","hkh","77.611350","13.008345",,,"RC00003","D J HALLI"
"18","MALLIKARJUNA HS-A K COLONY (9-10)","hkh","77.611350","13.008345",,,"RC00003","D J HALLI"
"19","GTAHPS-PERIYAR NAGAR (1-5)","hkh","77.610882","13.008860",,,"RC00003","D J HALLI"
"20","GUHPS-ZIA STREET, D J HALLI (1-5)","hkh","77.609743","13.009242",,,"RC00003","D J HALLI"
"21","GUHS-MAIN BULDING, D J HALLI (9-10)","hkh","77.605800","13.010393",,,"RC00003","D J HALLI"
"22","GUHPS-MAIN BULDING, D J HALLI (1-5)","hkh","77.605800","13.010393",,,"RC00003","D J HALLI"
"23","GULPS-MODI ROAD D J HALLI (1-5)","hkh","77.606017","13.012182",,,"RC00003","D J HALLI"
"24","GHPS-BETTA HALASUR (1-5)","hkh","77.611260","13.160823",,,"RC00004","DEVANAHALLI"
"25","GHS-BETTA HALASUR (9-10)","hkh","77.611447","13.159798",,,"RC00004","DEVANAHALLI"
"26","GHPS-SONNAPANAHALLI (1-5)","hkh","77.618862","13.156292",,,"RC00004","DEVANAHALLI"
"27","GLPS-VIDHYANAGAR CROSS (1-5)","hkh","77.625077","13.159353",,,"RC00004","DEVANAHALLI"
"28","GLPS-SUBHAS NAGAR (1-5)","hkh",,,,,"RC00004","DEVANAHALLI"
"29","GLPS-KADAGANA HALLI (1-5)","hkh","77.629008","13.168323",,,"RC00004","DEVANAHALLI"
"30","GHPS-CHIKKAJALA (1-5)","hkh","77.633475","13.172240",,,"RC00004","DEVANAHALLI"
"31","GHS-CHIKKALALA (9-10)","hkh","77.634383","13.172940",,,"RC00004","DEVANAHALLI"
"32","GHPS-CHENAHALLI (1-5)","hkh","77.627115","13.179127",,,"RC00004","DEVANAHALLI"
"33","GLPS-SHETTIGERE (1-5)","hkh",,,,,"RC00004","DEVANAHALLI"
"34","GLPS-BAINAHALLI (1-5)","hkh","77.619697","13.179412",,,"RC00004","DEVANAHALLI"
"35","GHPS-THARABANAHALLI (1-5)","hkh","77.627698","13.190380",,,"RC00004","DEVANAHALLI"
"36","GLPS-MEENUKUNTE HOSUR (1-5)","hkh","77.642142","13.180970",,,"RC00004","DEVANAHALLI"
"37","GHPS-DODDA JALA (1-5)","hkh","77.653005","13.176453",,,"RC00004","DEVANAHALLI"
"38","GLPS-MARANAYAKANAHALLI (1-5)","hkh","77.648668","13.169315",,,"RC00004","DEVANAHALLI"
"39","GLPS-HUTHANAHALLI (1-5)","hkh","77.650982","13.166323",,,"RC00004","DEVANAHALLI"
"40","GHPS-VIDYANAGAR (1-5)","hkh","77.644718","13.157992",,,"RC00004","DEVANAHALLI"
"41","GHS-VIDYANAGAR (9-10)","hkh","77.644718","13.157992",,,"RC00004","DEVANAHALLI"
"42","GHPS-BAGALUR COLONY (1-5)","hkh","77.671888","13.144773",,,"RC00004","DEVANAHALLI"
"43","GHS-BAGALUR (9-10)","hkh","77.672200","13.145227",,,"RC00004","DEVANAHALLI"
"44","GHPS-BAGALUR (1-5)","hkh","77.667547","13.134807",,,"RC00004","DEVANAHALLI"
"45","GHPS-SATANUR (1-5)","hkh","77.646880","13.128142",,,"RC00004","DEVANAHALLI"
"46","GHPS-THARUHUNASE (1-5)","hkh",,,,,"RC00004","DEVANAHALLI"
"47","GUHPS-THIMMAIAH ROAD (1-5)","hkh","77.610187","12.989787",,,"RC00005","FRAZER TOWN"
"48","ST ALLOYSIUS HPS-CLEAVE LAND TOWN (1-5)","hkh","77.611738","12.992840",,,"RC00005","FRAZER TOWN"
"49","ST ANTHONY BHPS-CLEAVE LAND TOWN (1-5)","hkh","77.611463","12.992485",,,"RC00005","FRAZER TOWN"
"50","ST ROCK GHPS-CLEAVE LAND TOWN (1-5)","hkh","77.610688","12.992838",,,"RC00005","FRAZER TOWN"
"51","RBBPAM HPS-CLEAVE LAND TOWN (1-5)","hkh","77.613678","12.999162",,,"RC00005","FRAZER TOWN"
"52","RBBPAM HS-CLEAVE LAND TOWN (9-10)","hkh","77.613678","12.999162",,,"RC00005","FRAZER TOWN"
"53","RAMAKRISHNA HPS-FRAZER TOWN (1-5)","hkh","77.612463","13.000810",,,"RC00005","FRAZER TOWN"
"54","GKTMPS-CLEAVE LAND TOWN (1-5)","hkh","77.612542","12.999557",,,"RC00005","FRAZER TOWN"
"55","FATHIMA GHS-FRAZER TOWN (9-10)","hkh","77.610913","12.996807",,,"RC00005","FRAZER TOWN"
"56","ST JOSEPH'S GHS-FRAZER TOWN (9-10)","hkh","77.613788","12.992192",,,"RC00005","FRAZER TOWN"
"57","RTC GIRLS HPS-FRAZER TOWN (1-5)","hkh","77.613788","12.992192",,,"RC00005","FRAZER TOWN"
"58","ST ALLOYSIUS HS-COX TOWN (9-10)","hkh","77.618683","12.993920",,,"RC00005","FRAZER TOWN"
"59","GKHPS-MUNIREDDY PALYA (1-5)","hkh","77.594572","13.006270",,,"RC00005","FRAZER TOWN"
"60","GKHPS-M R S PALYA (1-5)","hkh","77.600972","13.001625",,,"RC00005","FRAZER TOWN"
"61","GTELPS-M R S PALYA (1-5)","hkh","77.600972","13.001625",,,"RC00005","FRAZER TOWN"
"62","GKHPS-POTTERY TOWN (1-5)","hkh","77.609325","13.000255",,,"RC00005","FRAZER TOWN"
"63","GHS-POTTERY TOWN (9-10)","hkh","77.609325","13.000255",,,"RC00005","FRAZER TOWN"
"64","QUWATHULLA ISLAM HS-BENSON TOWN (9-10)","hkh","77.606793","12.996847",,,"RC00005","FRAZER TOWN"
"65","VISHWA KALA NIKETHAN HS-KUMARA PARK (9-10)","hkh","77.579872","12.992228",,,"RC00006","GANDINAGAR"
"66","GHPS-JAKKARAYANAKERE (1-5)","hkh","77.571283","12.986232",,,"RC00006","GANDINAGAR"
"67","GLPS-SHASTRINAGAR (1-5)","hkh","77.571750","12.986362",,,"RC00006","GANDINAGAR"
"68","ARYA VIDHYA SHALA HPS-GANDHINAGAR (1-5)","hkh","77.576935","12.976578",,,"RC00006","GANDINAGAR"
"69","SRI NAGARDAS KUNVERJI SHAH ENGLISH HIGH SCHOOL (9-","hkh","77.575265","12.974572",,,"RC00006","GANDINAGAR"
"70","DVV GUJARATI HIGHER PRIMARY SCHOOL (1-5)","hkh","77.575265","12.974572",,,"RC00006","GANDINAGAR"
"71","GHS-KETHAMARANAHALLI (9-10)","hkh","77.552393","13.000205",,,"RC00006","GANDINAGAR"
"72","GHPS-KETHAMARANAHALLI (1-5)","hkh","77.552393","13.000205",,,"RC00006","GANDINAGAR"
"73","GGHPS-SRIRAMPURA (1-5)","hkh","77.564973","12.990292",,,"RC00006","GANDINAGAR"
"74","RG IYER HS-SRIRAMPURA (9-10)","hkh","77.565672","12.990355",,,"RC00006","GANDINAGAR"
"75","GHS BOYS-SRIRAMPURA (9-10)","hkh","77.566270","12.990167",,,"RC00006","GANDINAGAR"
"76","GHPS BOYS-SRIRAMPURA (1-5)","hkh","77.566270","12.990167",,,"RC00006","GANDINAGAR"
"77","GTALPS-Q BLOCK SRIRAMPURA (1-5)","hkh","77.567847","12.989792",,,"RC00006","GANDINAGAR"
"78","GLPS-SWATHANTRANAGAR (1-5)","hkh","77.568925","12.992290",,,"RC00006","GANDINAGAR"
"79","VIDYANIKETHAN HS-MATADAHALLI (9-10)","hkh","77.594290","13.012842",,,"RC00007","GANGANAGAR"
"80","GUHPS-N S LANE (1-5)","hkh","77.594220","13.012298",,,"RC00007","GANGANAGAR"
"81","GTHPS-N S LANE (1-5)","hkh","77.594487","13.012270",,,"RC00007","GANGANAGAR"
"82","GKHPS-N S LANE (1-5)","hkh","77.594487","13.012270",,,"RC00007","GANGANAGAR"
"83","GHS-N S LANE (9-10)","hkh","77.985342","13.012245",,,"RC00007","GANGANAGAR"
"84","GUHPS-KOUSAR NAGAR (1-5)","hkh","77.596245","13.026148",,,"RC00007","GANGANAGAR"
"85","GHPS-MANN RAYANA PALYA (1-5)","hkh","77.601857","13.029197",,,"RC00007","GANGANAGAR"
"86","GANDHI SMARAKA KAVAL BYRASANDRA  HPS (1-5)","hkh","77.606100","13.020052",,,"RC00007","GANGANAGAR"
"87","GANDHI SMARAKA KAVAL BYRASANDRA  HS (9-10)","hkh","77.606100","13.020052",,,"RC00007","GANGANAGAR"
"88","GHPS-KAVAL BYRASANDRA (1-5)","hkh","77.607357","13.026530",,,"RC00007","GANGANAGAR"
"89","GHS-KAVAL BYRASANDRA (9-10)","hkh","77.607357","13.026530",,,"RC00007","GANGANAGAR"
"90","GHPS-SHAMPURA (1-5)","hkh","77.614160","13.021438",,,"RC00007","GANGANAGAR"
"91","GKHPS-GOVINDAPURA (1-5)","hkh","77.614067","13.034470",,,"RC00007","GANGANAGAR"
"92","GKHPS-NAGAVARA (1-5)","hkh","77.623993","13.038475",,,"RC00007","GANGANAGAR"
"93","ASANGHI MARUTHI HS-NAGAVARA (9-10)","hkh","77.624897","13.038183",,,"RC00007","GANGANAGAR"
"94","GUHPS-GANGA NAGAR (1-5)","hkh","77.58546","13.022902",,,"RC00007","GANGANAGAR"
"95","GKHPS-GANGA NAGAR (1-5)","hkh","77.591742","13023545",,,"RC00007","GANGANAGAR"
"96","MAMATHA HIGH SCHOOL-GANGA NAGAR (9-10)","hkh","77.595627","13.030167",,,"RC00007","GANGANAGAR"
"97","GHPS-CHOLANAYAKANA HALLI (1-5)","hkh","77.599147","13.035958",,,"RC00007","GANGANAGAR"
"98","GLPS-VISHWANATH NAGENA HALLI (1-5)","hkh","77.605222","13.040698",,,"RC00007","GANGANAGAR"
"99","GLPS-GUDDADA HALLI (1-5)","hkh","77.59711","13040072",,,"RC00007","GANGANAGAR"
"100","GLPS-KUNTHI GRAMA (1-5)","hkh","77.595527","13038602",,,"RC00007","GANGANAGAR"
"101","GHS-HEBBALA (9-10)","hkh","77.590752","13.03825",,,"RC00007","GANGANAGAR"
"102","SWAMI VIVEKANANDA HPS-JALAHALLI CROSS (1-5)","hkh","77.517758","13.040118",,,"RC00008","HESARAGATTA"
"103","SRI GANGADHARESHWARA HS-BAGALGUNTE (9-10)","hkh","77.507872","13.057015",,,"RC00008","HESARAGATTA"
"104","GHPS-MALLASANDRA (1-5)","hkh","77.509685","13.057287",,,"RC00008","HESARAGATTA"
"105","GHPS-CHIKKASANDRA (1-5)","hkh","77.508222","13.064240",,,"RC00008","HESARAGATTA"
"106","GHPS-THOTADAGUDDAHALLI (1-5)","hkh","77.787587","13.070043",,,"RC00008","HESARAGATTA"
"107","GHPS-CHIKKA BANAVARA (1-5)","hkh","77.500482","13.075520",,,"RC00008","HESARAGATTA"
"108","GHS-CHIKKA BANAVARA (9-10)","hkh","77.498833","13.084558",,,"RC00008","HESARAGATTA"
"109","GHPS-SOLADEVANAHALLI (1-5)","hkh","77.488502","13.098980",,,"RC00008","HESARAGATTA"
"110","GLPS-TARABANAHALLI (1-5)","hkh","77.481168","13.102047",,,"RC00008","HESARAGATTA"
"111","GLPS-HURALI CHIKKANAHALLI (1-5)","hkh","77.484572","13.115803",,,"RC00008","HESARAGATTA"
"112","SACRED HEART HPS-SILBEPURA (1-5)","hkh","77.499622","13.116122",,,"RC00008","HESARAGATTA"
"113","SACRED HEART HS-SILBEPURA (9-10)","hkh","77.499537","13.115785",,,"RC00008","HESARAGATTA"
"114","GHPS-THIRUMALAPURA (1-5)","hkh","77.488615","13.124448",,,"RC00008","HESARAGATTA"
"115","GHPS-HESARAGHATTA (1-5)","hkh","77.477812","13.137078",,,"RC00008","HESARAGATTA"
"116","GHPS-GOPALPURA (1-5)","hkh","77.425720","13.141773",,,"RC00008","HESARAGATTA"
"117","GHS-HESARAGHATTA (9-10)","hkh","77.492423","13.138232",,,"RC00008","HESARAGATTA"
"118","GHPS-IVARAKANDAPURA (1-5)","hkh","77.495260","13.136692",,,"RC00008","HESARAGATTA"
"119","MOUNT HARMON HIGH SCHOOL HANCHANAHALLI , SAPTHAGIR","hkh",,,,,"RC00008","HESARAGATTA"
"120","GHS-ST MARIYS THARABANA HALLI(9-10)","hkh",,,,,"RC00008","HESARAGATTA"
"121","PEENYA EDUCATION SCOCIETY-PEENYA (1-5)","hkh","77.520097","13.032621",,,"RC00009","JALAHALLI"
"122","GHS-PEENYA (9-10)","hkh","77.528688","13.034728",,,"RC00009","JALAHALLI"
"123","GHPS-PEENYA (1-5)","hkh","77.526330","13.035388",,,"RC00009","JALAHALLI"
"124","GLPS-KATHANAGAR (1-5)","hkh","77..531878","13.052377",,,"RC00009","JALAHALLI"
"125","HS-AES  KAMMAGONDANAHALLI (9-10)","hkh","77.533617","13.058632",,,"RC00009","JALAHALLI"
"126","ATELPS-KAMMAGONDANAHALLI (1-5)","hkh","77.533202","13.058877",,,"RC00009","JALAHALLI"
"127","GHPS-KAMMAGONDANAHALLI (1-5)","hkh","77.531177","13.060993",,,"RC00009","JALAHALLI"
"128","S N HPS-VADERAHALLI (1-5)","hkh","77.538493","13.097697",,,"RC00009","JALAHALLI"
"129","GHPS-LAKSHMIPURA (1-5) N4","hkh","77.531212","13.086632",,,"RC00009","JALAHALLI"
"130","ANNAPURNA HS-LAKSHMIPURA (9-10)","hkh","77.533778","13.091802",,,"RC00009","JALAHALLI"
"131","GHS-ABBIGERE (9-10)","hkh","77.528500","13.070832",,,"RC00009","JALAHALLI"
"132","GLPS-ABBIGERE (1-5)","hkh","77.527983","13.070990",,,"RC00009","JALAHALLI"
"133","GHPS-ABBIGERE (1-5)","hkh","77.524590","13.076050",,,"RC00009","JALAHALLI"
"134","GLPS-KEREGUDDADAHALLI (1-5)","hkh","77.518023","13.078368",,,"RC00009","JALAHALLI"
"135","GLPS-SOMASHETTYHALLI (1-5)","hkh","77.520995","13.086730",,,"RC00009","JALAHALLI"
"136","GLPS-GANIGARAHALLI (1-5)","hkh","77.509122","13.086850",,,"RC00009","JALAHALLI"
"137","GHPS-DODDABELEKERE (1-5)","hkh","77.525833","13.111503",,,"RC00009","JALAHALLI"
"138","GHPS-SIVAKOTTE (1-5)","hkh",,,,,"RC00009","JALAHALLI"
"139","HINDU BALIKA HPS-NALA ROAD (1-5)","hkh","77.610012","12.984565",,,"RC00010","KG HALLI"
"140","GTEHPS-OPH ROAD SHIVAJI NAGAR (1-5)","hkh","77.607405","12.980670",,,"RC00010","KG HALLI"
"141","GKLPS-OPH ROAD SHIVAJI NAGAR (1-5)","hkh","77.607405","12.980670",,,"RC00010","KG HALLI"
"142","GKHPS-BAGALUR LAYOUT (1-5)","hkh","77.616313","13.008350",,,"RC00010","KG HALLI"
"143","GKHPS-D J  HALLI (1-5)","hkh","77.611328","13.010248",,,"RC00010","KG HALLI"
"144","TAMIL SANGA HS-D J HALLI (9-10)","hkh","77.615292","13.014992",,,"RC00010","KG HALLI"
"145","GKMHPS-KADUGONDANAHALLI (1-5)","hkh","77.618928","13.021308",,,"RC00010","KG HALLI"
"146","PARIJATHA HPS-VENKATESH PURA (1-5)","hkh","77.620472","13.014900",,,"RC00010","KG HALLI"
"147","PARIJATHA HS-VENKATESH PURA (9-10)","hkh","77.620472","13.014900",,,"RC00010","KG HALLI"
"148","YMCA-SCHOOL KADUKUNDANAHALLI(1-5)","hkh",,,,,"RC00010","KG HALLI"
"149","GHPS-KODIGEHALLI (1-5)","hkh","77.574723","13.060058",,,"RC00011","KODIGEHALLI"
"150","GHS-KODIGEHALLI (9-10)","hkh","77.574723","13.060058",,,"RC00011","KODIGEHALLI"
"151","GHPS-KOTHIHOSAHALLI (1-5)","hkh","77.584377","13.058428",,,"RC00011","KODIGEHALLI"
"152","GHPS-SANJEEVINI NAGAR (1-5)","hkh","77.590265","13.054548",,,"RC00011","KODIGEHALLI"
"153","GHPS-HEBBAL KEMPAPURA (1-5)","hkh","77.600557","13.050863",,,"RC00011","KODIGEHALLI"
"154","GLPS-AMRUTH NAGAR (1-5)","hkh","77.598863","13.058855",,,"RC00011","KODIGEHALLI"
"155","GHPS-AMRUTHAHALLI (1-5)","hkh","77.599757","13.064783",,,"RC00011","KODIGEHALLI"
"156","GHS-AMRUTHAHALLI (9-10)","hkh","77.599757","13.064783",,,"RC00011","KODIGEHALLI"
"157","GHPS-BYATARAYANAPURA (1-5)","hkh","77.593990","13.067102",,,"RC00011","KODIGEHALLI"
"158","GHPS-JAKKUR LAYOUT (1-5)","hkh","77.601608","13.069728",,,"RC00011","KODIGEHALLI"
"159","GHS-JAKKUR (9-10)","hkh","77.603293","13.075677",,,"RC00011","KODIGEHALLI"
"160","GHPS-JAKKUR (1-5)","hkh","77.607170","13.079060",,,"RC00011","KODIGEHALLI"
"161","GLPS-PURNA PURA (1-5)","hkh","77.562383","13.140793",,,"RC00011","KODIGEHALLI"
"162","GLPS-SATYAM SHIVAM SUNDARAM (1-5)-JAKKUR","hkh","77.064712","13.075593",,,"RC00011","KODIGEHALLI"
"163","GHPS-HENNUR (1-5)","hkh","77.634447","13.034628",,,"RC00012","KOTHUNUR - 1"
"164","GLPS-CHELKERE (1-5)","hkh","77.642337","13.028000",,,"RC00012","KOTHUNUR - 1"
"165","GHPS-BABUSAPALYA (1-5)","hkh","77.647720","13.024352",,,"RC00012","KOTHUNUR - 1"
"166","GLPS-HORAMAVO (1-5)","hkh","77.660843","13.026433",,,"RC00012","KOTHUNUR - 1"
"167","GLPS-HORAMAVO AGARA (1-5)","hkh","77.656233","13.038242",,,"RC00012","KOTHUNUR - 1"
"168","GLPS-JAYANTHI NAGAR (1-5)","hkh","77.665848","13.026242",,,"RC00012","KOTHUNUR - 1"
"169","GLPS-JANATHA COLONY (1-5)","hkh","77.654835","13.031708",,,"RC00012","KOTHUNUR - 1"
"170","GLPS-VADDARAPALYA (1-5)","hkh","77.646953","13.038822",,,"RC00012","KOTHUNUR - 1"
"171","GLPS-GEDDALAHALLI (1-5)","hkh","77.646427","13.049902",,,"RC00012","KOTHUNUR - 1"
"172","GHPS-KYALASANAHALLI (1-5)","hkh","77.661207","13.058143",,,"RC00012","KOTHUNUR - 1"
"173","GLPS-K NARAYANAPURA (1-5)","hkh","77.642175","13.062912",,,"RC00012","KOTHUNUR - 1"
"174","SIDDHARTH SANIVASA H/S KOTHANUR (9-10)","hkh","77.648288","13.062890",,,"RC00012","KOTHUNUR - 1"
"175","SIDDHARTH SANIVASA H/S KOTHANUR (6-9)","hkh","77.648288","13.062890",,,"RC00012","KOTHUNUR - 1"
"176","GHPS-KOTHNUR (1-5)","hkh","77.649407","13.061420",,,"RC00012","KOTHUNUR - 1"
"177","GLPS-BYRATHI (1-5)","hkh","77.652018","13.056147",,,"RC00012","KOTHUNUR - 1"
"178","GHPS-BELESHIVALE (1-5)","hkh","77.671512","13.053750",,,"RC00012","KOTHUNUR - 1"
"179","GHS-BELESHIVALE (9-10)","hkh","77.671002","13.059398",,,"RC00012","KOTHUNUR - 1"
"180","GKHPS-NAGASHETTI HALLI (1-5)","hkh","77.56996","13043662",,,"RC00012","KOTHUNUR - 1"
"181","RAJMAHAL HS-NAGASHETTI HALLI (9-10)","hkh","77.572938","13.038333",,,"RC00012","KOTHUNUR - 1"
"182","GHPS-GEDDALA HALLI (1-5)","hkh","77.580318","13.026743",,,"RC00012","KOTHUNUR - 1"
"183","GHPS-DODDAGUBBE (1-5)","hkh",,,,,"RC00012","KOTHUNUR - 1"
"184","GHPS-RAMPURA (1-5)","hkh",,,,,"RC00012","KOTHUNUR - 1"
"185","VIRABADRA SWAMY HIGH SCHOOL DODDAGUBBI","hkh",,,,,"RC00012","KOTHUNUR - 1"
"186","ST JAMES HPS-MARIYANNANA PALYA (1-5)","hkh","77.612412","13.050107",,,"RC00013","KOTHUNUR - 2"
"187","GLPS-DASARAHALLI (1-5)","hkh",,,,,"RC00013","KOTHUNUR - 2"
"188","GLPS-VIDYA SAGARA (1-5)","hkh","77.631698","13.047523",,,"RC00013","KOTHUNUR - 2"
"189","TIPPU EDUCATION SOCIETY (1-5)","hkh","77.629642","13.045463",,,"RC00013","KOTHUNUR - 2"
"190","GLPS-NAGESHWAR NAGENAHALLI COLONY (1-5)","hkh","77.642713","13.070398",,,"RC00013","KOTHUNUR - 2"
"191","GLPS-NAGESHWAR NAGENAHALLI (1-5)","hkh","77.647360","13.080213",,,"RC00013","KOTHUNUR - 2"
"192","GLPS-KANNUR (1-5)","hkh","77.653605","13.093095",,,"RC00013","KOTHUNUR - 2"
"193","GHPS-KADA SONNAPAPNAHALLI (1-5)","hkh","77.666267","13.098443",,,"RC00013","KOTHUNUR - 2"
"194","GHS-KADA SONNAPAPNAHALLI (9-10)","hkh","77.666263","13.097840",,,"RC00013","KOTHUNUR - 2"
"195","GLPS-BYRATHI BANDE (1-5)","hkh","77.653858","13.077767",,,"RC00013","KOTHUNUR - 2"
"196","GLPS-BANDE HOSUR (1-5)","hkh","77.656053","13.104092",,,"RC00013","KOTHUNUR - 2"
"197","GLPS-CHIKKA GUBBE (1-5)","hkh","77.666448","13.080325",,,"RC00013","KOTHUNUR - 2"
"198","GLPS-N G GOLLAHALLI (1-5)","hkh","77.676533","13.082935",,,"RC00013","KOTHUNUR - 2"
"199","GLPS-KADA AGARAHARA (1-5)","hkh","77.691242","13.080965",,,"RC00013","KOTHUNUR - 2"
"200","GLPS-BANDE BOMMASANDRA (1-5)","hkh","77.682713","13.075705",,,"RC00013","KOTHUNUR - 2"
"201","GLPS-ANNAGALAPURA (1-5)","hkh","77.682027","13.068465",,,"RC00013","KOTHUNUR - 2"
"202","ST JAMES H/S MARIYANNA PALYA (9-10 )","hkh","77.612412","13.050107",,,"RC00013","KOTHUNUR - 2"
"203","GHPS-YERAPPANAHALLI (1-5 )","hkh",,,,,"RC00013","KOTHUNUR - 2"
"204","SIDDARTHA HPS-L R PURAM (1-5)","hkh","77.622037","13.011368",,,"RC00014","L R PURAM"
"205","SIDDARTHA HS-L R PURAM (9-10)","hkh","77.622037","13.011368",,,"RC00014","L R PURAM"
"206","GKHPS-KARIYANNANAPALYA (1-5)","hkh","77.624537","13.013023",,,"RC00014","L R PURAM"
"207","MARIA NIKETHAN HS-ST MARY'S TOWN (9-10)","hkh","77.626683","13.002043",,,"RC00014","L R PURAM"
"208","GTEHPS-JEEVANAHALLI (1-5)","hkh","77.629200","12.997010",,,"RC00014","L R PURAM"
"209","GKHPS-JEEVANAHALLI (1-5)","hkh","77.628428","12.997060",,,"RC00014","L R PURAM"
"210","GKHPS-BYAPPANAHALLI (1-5)","hkh","77.641505","12.994503",,,"RC00014","L R PURAM"
"211","GLPS-GAJENDRANAGAR (1-5)","hkh","77.638645","12.993737",,,"RC00014","L R PURAM"
"212","ST APHONSUS HIGH- School DAVIS ROAD (9-10)","hkh","77.614700","13.005983",,,"RC00014","L R PURAM"
"213","ST APHONSUS HPS-DAVIS ROAD (1-5)","hkh","77.614700","13.005983",,,"RC00014","L R PURAM"
"214","NCLP SCHOOL L.R.PURAM","hkh",,,,,"RC00014","L R PURAM"
"215","GHPS-KODANDARAMPURA (1-5)","hkh","77.573098","13.002282",,,"RC00015","MALLESHWARAM"
"216","GHPS-LINK ROAD (1-5)","hkh","77.574183","12.992202",,,"RC00015","MALLESHWARAM"
"217","GHS-LINK ROAD (9-10)","hkh","77.574183","12.992202",,,"RC00015","MALLESHWARAM"
"218","PANCHAJANYA VIDYA PEETHA GIRLS HIGH SCHOOL (9-10)","hkh","77.550105","13.004953",,,"RC00015","MALLESHWARAM"
"219","PANCHAJANYA VIDYA PEETHA HPS (1-5)","hkh","77.549930","13.005088",,,"RC00015","MALLESHWARAM"
"220","MITRA HS-SUBRAMANYANAGAR (9-10)","hkh","77.558653","13.003140",,,"RC00015","MALLESHWARAM"
"221","SVN HPS GAYATRI NAGAR (1-5)","hkh","77.562337","13.000480",,,"RC00015","MALLESHWARAM"
"222","SVN HS GAYATRI NAGAR (9-10)","hkh","77.562350","13.000388",,,"RC00015","MALLESHWARAM"
"223","SARVODAYA HIGH SCHOOL-SRIRAMPURA (9-10)","hkh","77.465488","12.996643",,,"RC00015","MALLESHWARAM"
"224","RAGHAVENDRA HS (9-10)","hkh","77.571898","12.995797",,,"RC00015","MALLESHWARAM"
"225","GHS-GIRLS MALLESHWARAM 13TH CROSS (9-10)","hkh","77.567875","13.002925",,,"RC00015","MALLESHWARAM"
"226","GHPS-MALLESHWARAM 13TH CROSS  (1-5)","hkh","77.567660","13.003117",,,"RC00015","MALLESHWARAM"
"227","GHPS-MALLESHWARAM CIRCLE (1-5)","hkh","77.569945","12.997337",,,"RC00015","MALLESHWARAM"
"228","GUHPS-MALLESHWARAM CIRCLE (1-5)","hkh","77.569945","12.997337",,,"RC00015","MALLESHWARAM"
"229","MAHILA HPS-MALLESHWARAM  (1-5)","hkh","77.576082","12.994852",,,"RC00015","MALLESHWARAM"
"230","MAHILA HS-MALLESHWARAM (9-10)","hkh","77.576082","12.994852",,,"RC00015","MALLESHWARAM"
"231","GHPS-KRISHNANDA NAGAR (1-5)","hkh","77.541600","13.016545",,,"RC00016","MANJUNATH NAGAR"
"232","GHS-KRISHNANDA NAGAR (9-10)","hkh","77.541600","13.016545",,,"RC00016","MANJUNATH NAGAR"
"233","GLPS-T DASARAHALLI (1-5)","hkh","77.511475","13.049167",,,"RC00016","MANJUNATH NAGAR"
"234","GMHPS-T DASARAHALLI (1-5)","hkh","77.512942","13.544134",,,"RC00016","MANJUNATH NAGAR"
"235","GHS-T DASARAHALLI (9-10)","hkh","77.512942","13.544134",,,"RC00016","MANJUNATH NAGAR"
"236","GHPS-KALASTRINAGAR (1-5)","hkh","77.519707","13.045182",,,"RC00016","MANJUNATH NAGAR"
"237","GKHS-KALASTRINAGAR (9-10)","hkh","77.519707","13.045182",,,"RC00016","MANJUNATH NAGAR"
"238","GTAHPS-PEENYA PLANTATION (1-5)","hkh","77.528628","13.046454",,,"RC00016","MANJUNATH NAGAR"
"239","GLPS-RAVINDRA NAGAR (1-5)","hkh","77.519785","13.058737",,,"RC00016","MANJUNATH NAGAR"
"240","TES HPS-RAVINDRA NAGAR (1-5)","hkh","77.519785","13.058737",,,"RC00016","MANJUNATH NAGAR"
"241","GHPS-SHETTAHALLI (1-5)","hkh","77.515227","13.063702",,,"RC00016","MANJUNATH NAGAR"
"242","GMHPS-BAGALAGUNTE (1-5)","hkh","77.502133","13.057013",,,"RC00016","MANJUNATH NAGAR"
"243","GHS-BAGALAGUNTE (9-10)","hkh","77.497613","13.051732",,,"RC00016","MANJUNATH NAGAR"
"244","GHPS-MANJUNATHA NAGAR (1-5)","hkh","77.493607","13.051633",,,"RC00016","MANJUNATH NAGAR"
"245","GHS-GEETHA PRASANTH NAGAR(9-10)","hkh","77.515570","13.043462",,,"RC00016","MANJUNATH NAGAR"
"246","GHS-TATA INSTITUTE (9-10)","hkh","77.558800","13.017592",,,"RC00017","MATHIKERE"
"247","GHPS-TATA INSTITUTE (1-5)","hkh","77.558800","13.017592",,,"RC00017","MATHIKERE"
"248","BAPU HIGH SCHOOL (9-10)-TRIVENI ROAD","hkh","77.558493","13.019785",,,"RC00017","MATHIKERE"
"249","ADARSHA HIGH SCHOOL (9-10)-YESHWANTPURA","hkh","77.559590","13.020117",,,"RC00017","MATHIKERE"
"250","CHANDRODAYA HPS (1-5)-YESHWANTPURA","hkh","77.561278","13.023415",,,"RC00017","MATHIKERE"
"251","GKHPS-MATHIKERE (1-5)","hkh","77.560443","13.034107",,,"RC00017","MATHIKERE"
"252","SHRI VENKATESHWARA HPS (1-5)-MATHIKERE","hkh","77.560945","13.030655",,,"RC00017","MATHIKERE"
"253","PVP HS  MATHIKERE (9-10)","hkh","77.561687","13.030027",,,"RC00017","MATHIKERE"
"254","TAHPS-YESHWANTHPUR (1-5)","hkh",,,,,"RC00017","MATHIKERE"
"255","VIVEKANANDA HPS-RAJAJINAGAR (1-5)","hkh","77.555630","13.009237",,,"RC00017","MATHIKERE"
"256","VIVEKANANDA HS RAJAJINAGAR (9-10)","hkh","77.555630","13.009237",,,"RC00017","MATHIKERE"
"257","NIRMALARANI HS MALLESHWARAM (9-10)","hkh","77.561877","13.009060",,,"RC00017","MATHIKERE"
"258","M S RAMAIAH HS-GOKULA (9-10)","hkh","77.565847","13.032267",,,"RC00017","MATHIKERE"
"259","GHPS-CHOKKASANDRA (1-5)","hkh","77.514238","13.037255",,,"RC00018","NAGASANDRA"
"260","GHPS-NELAGEDARANAHALLI (1-5)","hkh","77.504737","13.030223",,,"RC00018","NAGASANDRA"
"261","GHS-NELAGADHARANAHALL (9-10)","hkh","77.497953","13.027675",,,"RC00018","NAGASANDRA"
"262","GLPS-NAGASANDRA COLONY (1-5)","hkh","77.501362","13.040870",,,"RC00018","NAGASANDRA"
"263","GHPS-NAGASANDRA (1-5)","hkh","77.498948","13.039703",,,"RC00018","NAGASANDRA"
"264","GHPS-DODDABIDARAKALLU (1-5)","hkh","77.494715","13.040980",,,"RC00018","NAGASANDRA"
"265","DEEPASHRI HPS-DODDANNA LAYOUT (1-5)","hkh","77.504237","13..005175",,,"RC00018","NAGASANDRA"
"266","GHPS-GRUHALAKSHMI LAYOUT (1-5)","hkh",,,,,"RC00018","NAGASANDRA"
"267","SJP HS-HUNSAMARANAHALLI (9-10)","hkh","77.617190","13.143340",,,"RC00020","PALANAHALLI"
"268","GHPS-HUNASAMARANAHALLI (1-5)","hkh","77.617480","13.145562",,,"RC00020","PALANAHALLI"
"269","GHPS-ALLALA SANDRA (1-5)","hkh","77.587668","13.087007",,,"RC00020","PALANAHALLI"
"270","GLPS-CHIKKABOMMASANDRA","hkh","77.581223","13.089732",,,"RC00020","PALANAHALLI"
"271","GLPS-AMBRDKAR NAGAR (1-5)","hkh","77.583895","13.092625",,,"RC00020","PALANAHALLI"
"272","GLPS-L B S NAGARA (1-5)","hkh","77.592352","13.096828",,,"RC00020","PALANAHALLI"
"273","GKHPS-YELAHANKA BEO OFFICE (1-5)","hkh","77.593180","13.096918",,,"RC00020","PALANAHALLI"
"274","GHS-YELAHANKA (9-10)","hkh","77.594795","13.096005",,,"RC00020","PALANAHALLI"
"275","GMBHPS-YELAHANKA (1-5)","hkh","77.595077","13.100795",,,"RC00020","PALANAHALLI"
"276","GTEHPS-KAMAKSHAMMA LAYOUT (1-5)","hkh","77.592660","13.105273",,,"RC00020","PALANAHALLI"
"277","GUHPS-YELAHANKA (OLD TOWN) (1-5)","hkh","77.594188","13.104303",,,"RC00020","PALANAHALLI"
"278","NEELAKANTESHWARA HPS-YELAHANKA (1-5)","hkh","77.595898","13.104197",,,"RC00020","PALANAHALLI"
"279","GMGHPS-YELAHANKA (GIRLS) (1-5)","hkh","77.597528","13.102473",,,"RC00020","PALANAHALLI"
"280","GLPS-VENKATALA (1-5)","hkh","77.603992","13.110423",,,"RC00020","PALANAHALLI"
"281","GHPS-KATTIGENA HALLI (1-5)","hkh","77.625342","13.116853",,,"RC00020","PALANAHALLI"
"282","GHPS-PALANA HALLI (1-5)","hkh","77.613822","13.446465",,,"RC00020","PALANAHALLI"
"283","GHPS-SATHANUR (1-5)","hkh","77.646880","13.128142",,,"RC00020","PALANAHALLI"
"284","GHPS-SRIRAMPURA (1-5)","hkh","77.618835","13.066448",,,"RC00021","R T NAGAR"
"285","GLPS-MESTRIPALYA (1-5)","hkh","77.620340","13.061212",,,"RC00021","R T NAGAR"
"286","GLPS-RACHENAHALLI (1-5)","hkh","77.625167","13.057575",,,"RC00021","R T NAGAR"
"287","GHPS-THANISANDRA (1-5)","hkh","77.629228","13.056565",,,"RC00021","R T NAGAR"
"288","TENT SCHOOL-SUDAMA THANISANDRA (1-5)","hkh","77.628533","13.053430",,,"RC00021","R T NAGAR"
"289","GHS-THANISANDRA (9-10)","hkh","77.629228","13.056565",,,"RC00021","R T NAGAR"
"290","GHPS-RAMAKRISHNA HEGDE NAGAR (1-5)","hkh","77.632085","13.071672",,,"RC00021","R T NAGAR"
"291","GLPS-THIRUMENA HALLI (1-5)","hkh","77.631682","13.089238",,,"RC00021","R T NAGAR"
"292","GHPS-CHOKKANAHALLI (1-5)","hkh","77.627197","13.084743",,,"RC00021","R T NAGAR"
"293","GLPS-SAMPIGE HALLI (1-5)","hkh","77.617978","13.082442",,,"RC00021","R T NAGAR"
"294","GLPS-AGRAHARA  (1-5)","hkh","77.619385","13.091393",,,"RC00021","R T NAGAR"
"295","GHPS-AGRAHARA  LAYOUT (1-5)","hkh","77.627123","13.098432",,,"RC00021","R T NAGAR"
"296","GHS-AGRAHARA LAYOUT (9-10)","hkh","77.627123","13.098432",,,"RC00021","R T NAGAR"
"297","GLPS-MITTIGANAHALLI (1-5)","hkh","77.644795","13.111828",,,"RC00021","R T NAGAR"
"298","NCLP SCHOOL MESTRYPALYA","hkh","77.620340","13.061212",,,"RC00021","R T NAGAR"
"299","K N GEETHA HS-KANTIRAVANAGAR (9-10)","hkh","77.536542","13.018568",,,"RC00022","RAJAJINAGAR"
"300","GHPS-RAJIVGANDHI NAGAR (1-5)","hkh","77.523978","13.003995",,,"RC00022","RAJAJINAGAR"
"301","BALAGANGADHARA HS-RAMANNA LAYOUT (9-10)","hkh","77.520735","13.008617",,,"RC00022","RAJAJINAGAR"
"302","ST  MARY'S GIRLS HS-MILLERS ROAD (9-10)","hkh","77.591587","12.988242",,,"RC00023","SHIVAJINAGAR"
"303","GLPS-RAJ BHAVAN (1-5)","hkh","77.590200","12.982525",,,"RC00023","SHIVAJINAGAR"
"304","GTAHPS-VASANTH NAGAR (1-5)","hkh","77.592688","12.991968",,,"RC00023","SHIVAJINAGAR"
"305","GKHPS-VASANTH NAGAR (1-5)","hkh","77.592688","12.991968",,,"RC00023","SHIVAJINAGAR"
"306","GULPS-VASANTH NAGAR (1-5)","hkh","77.592688","12.991968",,,"RC00023","SHIVAJINAGAR"
"307","ALL AMEEN HPS-BROADWAY (1-5)","hkh","77.601608","12.990552",,,"RC00023","SHIVAJINAGAR"
"308","SMT KAMALA BAI HS-QUEENS ROAD (9-10)","hkh","77.597218","12.986910",,,"RC00023","SHIVAJINAGAR"
"309","SMT KAMALA BAI HPS-QUEENS ROAD (1-5)","hkh","77.597218","12.986910",,,"RC00023","SHIVAJINAGAR"
"310","B S A P  GIRLS HS-TASKER TOWN (9-10)","hkh","77.599308","12.985157",,,"RC00023","SHIVAJINAGAR"
"311","OBEIDULLA GUHPS-TASKER TOWN (1-5)","hkh","77.601873","12.985692",,,"RC00023","SHIVAJINAGAR"
"312","ST MARY'S GHPS-TASKER TOWN (1-5)","hkh","77.600795","12.987357",,,"RC00023","SHIVAJINAGAR"
"313","ST MARY'S BHPS-TASKER TOWN (1-5)","hkh","77.600617","12.987133",,,"RC00023","SHIVAJINAGAR"
"314","ST XAVIER'S BHS-TASKER TOWN (9-10)","hkh","77.600617","12.987133",,,"RC00023","SHIVAJINAGAR"
"315","GTEHS-TASKER TOWN (9-10)","hkh","77.601577","12.984412",,,"RC00023","SHIVAJINAGAR"
"316","KARNATAKA HPS-PALACE GUTTAHALLI (1-5)","hkh","77.578752","12.996552",,,"RC00023","SHIVAJINAGAR"
"317","KARNATAKA HS-PALACE GUTTAHALLI (9-10)","hkh","77.578752","12.996552",,,"RC00023","SHIVAJINAGAR"
"318","GHS-PALACE GUTTAHALLI (9-10)","hkh","77.581780","12.998713",,,"RC00023","SHIVAJINAGAR"
"319","GUHPS-PALACE GUTTAHALLI (1-5)","hkh","77.581780","12.998713",,,"RC00023","SHIVAJINAGAR"
"320","GHPS-PALACE GUTTAHALLI (1-5)","hkh","77.581780","12.998713",,,"RC00023","SHIVAJINAGAR"
"321","GHPS-MAHALAKSMHI PURAM (1-5)","hkh","77.545617","13.010240",,,"RC00024","SHIVANAGAR"
"322","GHPS-BOVI PALYA (1-5)","hkh","77.547862","13.006398",,,"RC00024","SHIVANAGAR"
"323","AMBEDKAR HPS-MAHALAKSHMIPURAM (1-5)","hkh","77.547708","13.000320",,,"RC00024","SHIVANAGAR"
"324","AMBEDKAR HS-MAHALAKSHMIPURAM (9-10)","hkh","77.547708","13.000320",,,"RC00024","SHIVANAGAR"
"325","UNIVERSAL EDUCATION HS-SHANKAR MUTT (9-10)","hkh","77.541553","13.000807",,,"RC00024","SHIVANAGAR"
"326","BASAVESHWARA HPS MAHALAKSHMIPURA (1-5)","hkh","77.542842","13.004422",,,"RC00024","SHIVANAGAR"
"327","BASAVESHWARA HS MAHALAKSHMI PURA (9-10)","hkh","77.542842","13.004422",,,"RC00024","SHIVANAGAR"
"328","KENARA VIDHYA SHALA (1-5)-JC NAGAR","hkh","77.536157","13.003167",,,"RC00024","SHIVANAGAR"
"329","GHS-SHIVANAGAR (9-10)","hkh","77.546417","12.990348",,,"RC00024","SHIVANAGAR"
"330","GHPS-SHIVANAGAR (1-5)","hkh","77.546417","12.990348",,,"RC00024","SHIVANAGAR"
"331","GHS-SANEGORAVANAHALLI (9-10)","hkh","77.541102","12.989865",,,"RC00024","SHIVANAGAR"
"332","GHPS-SANEGORAVANAHALLI (1-5)","hkh","77.514083","12.990250",,,"RC00024","SHIVANAGAR"
"333","CHETHAN HPS-BASAVESHWARA (1-5)","hkh","77.541102","12.989865",,,"RC00024","SHIVANAGAR"
"334","NEW LIGHT HPS-KAMALANAGAR (1-5)","hkh","77.514083","12.990250",,,"RC00024","SHIVANAGAR"
"335","GANGADHARESHWARA HPS-KAMALANAGAR (1-5)","hkh","77.528142","12.997045",,,"RC00024","SHIVANAGAR"
"336","GANGADHARESHWARA HS-KAMALANAGAR (9-10)","hkh","77.528142","12.997045",,,"RC00024","SHIVANAGAR"
"337","DEENA SEVA HPS-KAMALANAGAR (1-5)","hkh","77.526703","12.996915",,,"RC00024","SHIVANAGAR"
"338","ARCHANA HP-KAMALANAGAR (1-5)","hkh","77.525707","12.994015",,,"RC00024","SHIVANAGAR"
"339","VIDYASADANA HPS-KAMALANAGAR (1-5)","hkh","77.528743","12.993290",,,"RC00024","SHIVANAGAR"
"340","GLPS-GANGONDANAHALLI (1-5)","hkh","77.473427","13.025762",,,"RC00025","SONDEKOPPA"
"341","BASAVESHWARA HS-GANGONDANAHALLI (9-10)","hkh","77.472635","13.026330",,,"RC00025","SONDEKOPPA"
"342","GHPS-GANGONDANAHALLI (1-5)","hkh","77.467922","13.021580",,,"RC00025","SONDEKOPPA"
"343","GLPS-KOLLIGANAHALLI (1-5)","hkh","77.456602","13.030978",,,"RC00025","SONDEKOPPA"
"344","GLPS-BETTAHALLI (1-5)","hkh","77.437562","13.017168",,,"RC00025","SONDEKOPPA"
"345","GLPS-BAINDAHALLI (1-5)","hkh","77.442482","13.005970",,,"RC00025","SONDEKOPPA"
"346","GHS-KADABAGERE (9-10)","hkh","77.443682","12.992508",,,"RC00025","SONDEKOPPA"
"347","GHPS-KITTHANAHALLI (1-5)","hkh","77.419077","13.009058",,,"RC00025","SONDEKOPPA"
"348","GHPS-RAVUTHNAHALLI (1-5)","hkh","77.420528","13.020103",,,"RC00025","SONDEKOPPA"
"349","GHS-RAVUTHNAHALLI (9-10)","hkh","77.420528","13.020103",,,"RC00025","SONDEKOPPA"
"350","GLPS-DEVI NANJAYYANAPALYA (1-5)","hkh","77.416093","13.015362",,,"RC00025","SONDEKOPPA"
"351","GLPS-BALEVEERANAHALLI (1-5)","hkh","77.393820","13.018435",,,"RC00025","SONDEKOPPA"
"352","GUHPS-SONDEKOPPA (1-5)","hkh","77.394127","13.020852",,,"RC00025","SONDEKOPPA"
"353","GLPS-NAGASANDRA (1-5)","hkh","77.376950","13.001085",,,"RC00025","SONDEKOPPA"
"354","GHPS-SONDEKOPPA (1-5)","hkh","77.384042","13.024428",,,"RC00025","SONDEKOPPA"
"355","CHENNAKESHAVA HS-SONDEKOPPA (9-10)","hkh","77.384042","13.024595",,,"RC00025","SONDEKOPPA"
"356","GLPS-HUNNIGERE (1-5)","hkh","77.395367","13.033217",,,"RC00025","SONDEKOPPA"
"357","GHPS-LAKKENAHALLI (1-5)","hkh","77.394622","13.042717",,,"RC00025","SONDEKOPPA"
"358","GLPS-BYRAGONDANAHALLI (1-5)","hkh","77.389083","13.061328",,,"RC00025","SONDEKOPPA"
"359","GHS-HULLEGOWDANAHALLI (9-10)","hkh","77.405767","13.063190",,,"RC00025","SONDEKOPPA"
"360","GHPS-HULLEGOWDANAHALLI (1-5)","hkh","77.405392","13.061622",,,"RC00025","SONDEKOPPA"
"361","GLPS-VADERAHALLI (1-5)","hkh",,,,,"RC00025","SONDEKOPPA"
"362","BASAVESHWARA HPS-RAJAJINAGAR (1-5)","hkh","77.552833","12.995005",,,"RC00026","SRIRAMPUR"
"363","BASAVESHWARA BOYS HS-RAJAJINAGAR (9-10)","hkh","77.552833","12.995005",,,"RC00026","SRIRAMPUR"
"364","BASAVESHWARA GIRLS HIGH SCHOOL (9-10)","hkh","77.552805","12.994338",,,"RC00026","SRIRAMPUR"
"365","GHS-2ND BLOCK RAJAJINAGAR (9-10)","hkh","77.553005","12.993208",,,"RC00026","SRIRAMPUR"
"366","GHPS-2ND BLOCK RAJAJINAGAR (1-5)","hkh","77.553005","12.993208",,,"RC00026","SRIRAMPUR"
"367","GHS-JUGANAHALLI (9-10)","hkh","77.556145","12.992358",,,"RC00026","SRIRAMPUR"
"368","GHPS-JUGANAHALLI (1-5)","hkh","77.556145","12.992358",,,"RC00026","SRIRAMPUR"
"369","GHS-PRAKASHNAGAR (9-10)","hkh","77.557855","12.992663",,,"RC00026","SRIRAMPUR"
"370","GKHPS-PRAKSHNAGAR (1-5)","hkh","77.557855","12.992663",,,"RC00026","SRIRAMPUR"
"371","GHPS-NARASIPURA (1-5)","hkh","77.559298","13.082192",,,"RC00027","YELAHANKA"
"372","GHS-NARASIPURA (9-10)","hkh","77.559298","13.082192",,,"RC00027","YELAHANKA"
"373","GMHPS-DODDABETTAHALLI (1-5)","hkh","77.554858","13.093707",,,"RC00027","YELAHANKA"
"374","GLPS-VEERASAGARA (1-5)","hkh","77.554848","13.105898",,,"RC00027","YELAHANKA"
"375","GLPS-KEMPANAHALLI (1-5)","hkh","77.557035","13.111980",,,"RC00027","YELAHANKA"
"376","GHPS-ATTUR (1-5)","hkh","77.565813","13.108367",,,"RC00027","YELAHANKA"
"377","GLPS-ATTUR LAYOUT (1-5)","hkh","77.566730","13.102900",,,"RC00027","YELAHANKA"
"378","GHPS-YELAHANKA 4th PHASE (1-5)","hkh","77.575375","13.103965",,,"RC00027","YELAHANKA"
"379","GKHPS-YELAHANKA NEW TOWN (1-5)","hkh","77.579788","13.095855",,,"RC00027","YELAHANKA"
"380","GHS-YELAHANKA NEW TOWN (9-10)","hkh","77.579788","13.095855",,,"RC00027","YELAHANKA"
"381","GLPS-J P N NAGAR-YELAHANKA (1-5)","hkh","77.588832","13.104467",,,"RC00027","YELAHANKA"
"382","DIGVIJAY HS-YELAHANKA (9-10)","hkh","77.583412","13.103595",,,"RC00027","YELAHANKA"
"383","GLPS-PUTTENAHALLI (1-5)","hkh","77.580258","13.109618",,,"RC00027","YELAHANKA"
"384","GLPS-KENCHENA HALLI (1-5)","hkh","77.584672","13.119060",,,"RC00027","YELAHANKA"
"385","GLPS-HARO HALLI (NAGENA HALLI) (1-5)","hkh","77.575252","13.131195",,,"RC00027","YELAHANKA"
"386","GHPS-HAROHALLI (NAGENA HALLI) (1-5)","hkh","77.579582","13.130782",,,"RC00027","YELAHANKA"
"387","GLPS-AVALAHALLI (1-5)","hkh","77.568537","13.135420",,,"RC00027","YELAHANKA"
"388","GHPS-SINGANAYAKANAHALLI (1-5)","hkh","77.562712","13.149782",,,"RC00027","YELAHANKA"
"389","GKHPS-SANTHE BEEDHI (1-5)","hkh","77.554238","13.020323",,,"RC00028","YESHWANTHPURA"
"390","GKHS-SANTHE BEEDHI (9-10)","hkh","77.554238","13.020323",,,"RC00028","YESHWANTHPURA"
"391","GKHPS-VYAYAMASHALE YESHWANTH PUR (1-5)","hkh","77.553960","13.021322",,,"RC00028","YESHWANTHPURA"
"392","DEENADAYAL HPS-YESHWANTH PUR (1-5)","hkh","77.554648","13.021322",,,"RC00028","YESHWANTHPURA"
"393","VEENA HS-YESHWANTH PURA (9-10)","hkh","77.553828","13.022648",,,"RC00028","YESHWANTHPURA"
"394","ANAND HS-YESHWANTHPUR (9-10)","hkh","77.553805","13.026780",,,"RC00028","YESHWANTHPURA"
"395","ANAND HPS-YESHWANTHPUR (1-5)","hkh","77.553805","13.026780",,,"RC00028","YESHWANTHPURA"
"396","GHPS-JALAHALLI (1-5)","hkh","77.549857","13.045640",,,"RC00028","YESHWANTHPURA"
"397","GHS-JALAHALLI (9-10)","hkh","77.550005","13.046062",,,"RC00028","YESHWANTHPURA"
"398","GHPS-RAMCHANDRAPURA (1-5)","hkh","77.551172","13.061560",,,"RC00028","YESHWANTHPURA"
"399","GHPS-THINDLU (1-5)","hkh","77.566452","13.074475",,,"RC00028","YESHWANTHPURA"
"400","GHPS-DODDABOMMASANDRA (1-5)","hkh","77.558620","13.059988",,,"RC00028","YESHWANTHPURA"
"401","GHPS-GOKULA (1-5)","hkh","77.558650","13.029115",,,"RC00028","YESHWANTHPURA"
"402","NCLP-ARUNDAYA THINDLU","hkh",,,,,"RC00028","YESHWANTHPURA"
"403","TAKKAR BAPA HS-MACHOHALLI (9-10)","hkh","77.457928","12.998822",,,"RC00033","SUMMANAHALLI"
"404","APHS-ASHOK PURAM   (9-10)","hkh","77.547840","13.015296",,,"RC00033","SUMMANAHALLI"
"405","GLPS-ASHOK PURAM (1-5)","hkh","77.546562","13.020022",,,"RC00033","SUMMANAHALLI"
"406","TAGOR MEMORIAL HIGH SCHOOL MARAPPANA PALYA (9-10)","hkh","77.550800","13.018183",,,"RC00033","SUMMANAHALLI"
"407","VAKALIGARASANGHA HS(9-10)","hkh",,,,,"RC00033","SUMMANAHALLI"
"408","LOHITH HIGH SCHOOL MADESHWARANAGAR","hkh",,,,,"RC00033","SUMMANAHALLI"
"409","GHPS-HOSAHALLI (1-5)","hkh",,,,,"RC00033","SUMMANAHALLI"
"410","GHPS-CHIKKAGOLAHATTI (1-5)","hkh",,,,,"RC00033","SUMMANAHALLI"
"411","tent school summanahalli","hkh",,,,,"RC00033","SUMMANAHALLI"
"412","GHS-VANAGANAHATTI (9-10 )","hkh",,,,,"RC00033","SUMMANAHALLI"
"413","GHPS-VANAGANAHATTI ( 1-5 )","hkh",,,,,"RC00033","SUMMANAHALLI"
"414","CHS-MARAPPANA PALYA (9-10)","hkh",,,,,"RC00033","SUMMANAHALLI"
"415","CPS-MARAPPANA PALYA (1-5)","hkh",,,,,"RC00033","SUMMANAHALLI"
"416","CHS-HEROHALLI (9-10)","hkh",,,,,"RC00033","SUMMANAHALLI"
"417","RBANMS HPS-DIKENSON ROAD (1-5) - VKH","hkh",,,,,"RC00052","S.S.GARDEN"
"418","TAGORE MONTESSARY HPS-ST JHONS ROAD (1-5) - ","hkh",,,,,"RC00052","S.S.GARDEN"
"419","RBANMS LPS - CONTORNMENT (1-5) - ","hkh",,,,,"RC00052","S.S.GARDEN"
"420","BKAM HPS-SANGAM ROAD (1-5) - ","hkh",,,,,"RC00052","S.S.GARDEN"
"421","MEG HPS- DODDIGUNTTA COX TOWN (1-5 )  - ","hkh",,,,,"RC00052","S.S.GARDEN"
"422","GHPS-COX TOWN (1-5) - ","hkh",,,,,"RC00052","S.S.GARDEN"
"423","GTAHPS-COX TOWN (1-5) - ","hkh",,,,,"RC00052","S.S.GARDEN"
"424","RBANMS BHS - (9-10) - S.S.GARDEN - ","hkh",,,,,"RC00052","S.S.GARDEN"
"425","RBANMS GHS - (9-10) - S.S.GARDEN - ","hkh",,,,,"RC00052","S.S.GARDEN"
"426","AMBUJAMMAL H/S - ST JHONS ROAD - (9-10) - ","hkh",,,,,"RC00052","S.S.GARDEN"
"427","GHS-COX TOWN (9-10) - ","hkh",,,,,"RC00052","S.S.GARDEN"
"428","B.M.ENGLISH HPS ST JHONS ROAD - (1-5) - ","hkh",,,,,"RC00052","S.S.GARDEN"
"429","RBANMS-CONTOURNMENT-S.S.GARDEN","hkh",,,,,"RC00052","S.S.GARDEN"
"430","CHS-COX TOWN -  (9-10)","hkh",,,,,"RC00052","S.S.GARDEN"
"431","GHS - Police colony (9-10)","vkh","77.550288","12.974725",,,"RC00016","MAGADI ROAD"
"432","Sri Maruthi Vidya Mandira (1-5)","vkh","77.538901","12.982516",,,"RC00016","MAGADI ROAD"
"433","GMPS Police Colony(1-5)","vkh","77.550288","12.974725",,,"RC00016","MAGADI ROAD"
"434","Lohith High School Mahadeshwara Nagara(9-10)","vkh",,,,,"RC00022","RR NAGARA"
"435","Okkaligara Sanga High School(9-10)","vkh","77.511021","12.985948",,,"RC00022","RR NAGARA"
"436","GHPS G-Hosahalli(1-5)","vkh",,,,,"RC00022","RR NAGARA"
"437","GHPS -Chikkagollarahatti(1-5)","vkh",,,,,"RC00022","RR NAGARA"
"438","GHPS- Ullala(1-5)","vkh","77.480178","12.955631",,,"RC00013","K UPA NAGARA"
"439","GLPS-Manganahalli(1-5)","vkh","77.469396","12.953966",,,"RC00013","K UPA NAGARA"
"440","Sujatha HPS-Ullala Upanagar(1-5)","vkh","77.473546","12.960996",,,"RC00013","K UPA NAGARA"
"441","GMPS Kuvempu -Ullala Upanagar(1-5)","vkh","77.473523","12.966066",,,"RC00013","K UPA NAGARA"
"442","GHS Kuvempu -Ullala Upanagar(9-10)","vkh","77.473523","12.966066",,,"RC00013","K UPA NAGARA"
"443","GLPS- Kodige Halli(1-5)","vkh","77458541","12.966821",,,"RC00013","K UPA NAGARA"
"444","GLPS- Kodige Halli Colony (1-5)","vkh","77.465256","12.979696",,,"RC00013","K UPA NAGARA"
"445","GHPS- Kannali(1-5)","vkh","77458541","12.966821",,,"RC00013","K UPA NAGARA"
"446","Karnataka Mahila & children Education Center(1-5)","vkh",,,,,"RC00013","K UPA NAGARA"
"447","Sujatha HS (9-10)","vkh",,,,,"RC00013","K UPA NAGARA"
"448","GMPS - Kannahalli (9-10)","vkh",,,,,"RC00013","K UPA NAGARA"
"449","Bapuji High School Magadi Road(9-10)","vkh","77.563341","12.975808",,,"RC00016","MAGADI ROAD"
"450","Bapuji Primary School Magadi road(1-5)","vkh","77.563341","12.975808",,,"RC00016","MAGADI ROAD"
"451","GHS - SR Nagar (9-10)","vkh","77.591018","12.966906",,,"RC00002","AUDUGODI"
"452","Indra Nagara High School(9-10)","vkh","77.639111","12.980016",,,"RC00006","AUSTIN TOWN"
"453","Sri Channakeshava Swamy HPS(1-5)","vkh","77.645223","12.981275",,,"RC00006","AUSTIN TOWN"
"454","GTeHPS- Murphy Town(1-5)","vkh","77.628008","12.979068",,,"RC00007","ULSOOR"
"455","GMPS-Murphy Town (1-5)","vkh","77.628475","12.979666",,,"RC00007","ULSOOR"
"456","GTaHPS- Murphy Town(1-5)","vkh","77.626321","12.980291",,,"RC00007","ULSOOR"
"457","Bangalore Montessary HPS(1-5)","vkh","77.622896","12.976608",,,"RC00007","ULSOOR"
"458","RBANMS- Thirukulathar (1-5)","vkh","77.624235","12.975258",,,"RC00007","ULSOOR"
"459","RBANMS- Govinda Mahal(1-5)","vkh","77.625401","12.975491",,,"RC00007","ULSOOR"
"460","GHPS- S R Nagar(1-5)","vkh","77.590883","12.967078",,,"RC00002","AUDUGODI"
"461","RBANMS HPS- Dickenson Road(1-5)","vkh","77.612398","12.980278",,,"RC00023","S S GARDEN"
"462","Tagore Montessary School - St Johns Road(1-5)","vkh","77.611295","12.981129",,,"RC00023","S S GARDEN"
"463","RBANMS BHS SS Garden(9-10)","vkh","77.612853","12.981601",,,"RC00023","S S GARDEN"
"464","RBANMS GHS SS Garden(9-10)","vkh","77.612411","12.981806",,,"RC00023","S S GARDEN"
"465","RBANM's LPS-Contonment","vkh","77.612853","12.981601",,,"RC00023","S S GARDEN"
"466","BKAM HPS- Sangam Road(1-5)","vkh","77.612121","12.983223",,,"RC00023","S S GARDEN"
"467","Ambujambal HS- St John's Road(9-10)","vkh","77.614065","12.984121",,,"RC00023","S S GARDEN"
"468","BM EnglishSchool- St.John's Road(1-5)","vkh","77.614423","12.984643",,,"RC00023","S S GARDEN"
"469","MEG HPS_Dodda Gunta(1-5)","vkh","77.624888","12.992751",,,"RC00023","S S GARDEN"
"470","GHPS- Cox Town(1-5)","vkh","77.620361","12.998801",,,"RC00023","S S GARDEN"
"471","GTaHPS-Cox Town(1-5)","vkh","77.621008","12.997306",,,"RC00023","S S GARDEN"
"472","GHS- Cox Town(9-10)","vkh","77.621008","12.997306",,,"RC00023","S S GARDEN"
"473","MO GHPS- Dickenson Road(1-5)","vkh",,,,,"RC00023","S S GARDEN"
"474","MO GHS- Dickenson Road(9-10)","vkh",,,,,"RC00023","S S GARDEN"
"475","GHPS-Bennigenahalli(1-5) (Duplicated)","vkh","77.663455","12.994655",,,"RC00012","K R PURAM"
"476","GHPS Binnamangala(1-5)","vkh","77.643188","12.981598",,,"RC00006","AUSTIN TOWN"
"477","Poorna pragna (P)","vkh",,,,,"RC00022","RR NAGARA"
"478","Ressaraction HS - Indranagara(9-10)","vkh",,,,,"RC00006","AUSTIN TOWN"
"479","SRI SANGAMA kANNADA HS NEW BYYAPPANAHALLI(9-10)","vkh",,,,,"RC00005","CAUVERI NAGARA"
"480","GHPS-Bennigenahalli(1-5)","vkh",,,,,"RC00028","T C PALYA"
"481","CGHS- Murphy Town(9-10)","vkh","77.628088","12.979326",,,"RC00007","ULSOOR"
"482","GKHPS Basavangudi(1-5)","vkh","77.571015","12.947421",,,"RC00016","MAGADI ROAD"
"483","GKLPS Srinivas Colony(1-5)","vkh","77.535723","12.914686",,,"RC00022","RR NAGARA"
"484","GKHPS Arehalli (1-5)","vkh","77.510186","12.910761",,,"RC00022","RR NAGARA"
"485","Sri Chowdeswari Education Society(8-10)","vkh","77.546261","12.921025",,,"RC00022","RR NAGARA"
"486","Sri Sangameshswara HPS(1-5)","vkh","77.546261","12.921025",,,"RC00022","RR NAGARA"
"487","GHPS Ittamadu(1-5)","vkh","77.543488","12.924878",,,"RC00022","RR NAGARA"
"488","GHPS Panthara palya(1-5)","vkh","77.526063","12.942638",,,"RC00022","RR NAGARA"
"489","Sri Rajeshswari Vidya Primary School(1-5)","vkh","770513623","12.928741",,,"RC00022","RR NAGARA"
"490","Sri Rajeshswari Vidya High School(9-10)","vkh","770513623","12.928741",,,"RC00022","RR NAGARA"
"491","GHPS Bangarappa Nagar(1-5)","vkh","77.527961","12.925113",,,"RC00022","RR NAGARA"
"492","Kanaka Vidya Mandira(1-5)","vkh","77.510186","12.966321",,,"RC00022","RR NAGARA"
"493","R V HS Shastri Nagar(9-10)","vkh","77.572195","12.932801",,,"RC00018","MUDALA PALYA"
"494","R V HPS Shastri Nagar(1-5)","vkh","77.572195","12.932801",,,"RC00018","MUDALA PALYA"
"495","Giri Maruthi HPS(1-5)","vkh","77.547841","12.945958",,,"RC00018","MUDALA PALYA"
"496","GHPS Gavipuram(1-5)","vkh","77.561723","12.953091",,,"RC00001","AKKIPET"
"497","Bhanu High School K-Upanagara(9-10)","vkh","77.485758","12.925693",,,"RC00013","K UPA NAGARA"
"498","GMPS- Uttarahalli(1-5)","vkh","77.543198","12.905786",,,"RC00022","RR NAGARA"
"499","GHS- Uttarahalli(9-10)","vkh","77.543198","12.905786",,,"RC00022","RR NAGARA"
"500","GHPS-Channasandra(1-5)","vkh","77.521768","12.965121",,,"RC00013","K UPA NAGARA"
"501","GHS- Kengeri Satellite Town(9-10)","vkh",,,,,"RC00013","K UPA NAGARA"
"502","GMPS- Doddagollarahtti(1-5)","vkh","77.485985","12.938395",,,"RC00013","K UPA NAGARA"
"503","GHS- Doddagollarahtti(9-10)","vkh","77.485985","12.938395",,,"RC00013","K UPA NAGARA"
"504","MSS- HS- K R Road(9-10)","vkh","77.573331","12.953041",,,"RC00002","AUDUGODI"
"505","GMPS- SrinNagar(1-5)","vkh",,,,,"RC00018","MUDALA PALYA"
"506","APS HS- NR Colony(9-10)","vkh","77.568123","12.940615",,,"RC00030","BENDRE NAGARA"
"507","MMK HPS-NR Colony(1-5)","vkh","77.567465","12.934438",,,"RC00030","BENDRE NAGARA"
"508","Sri Radhakrishna HS(9-10)","vkh",,,,,"RC00018","MUDALA PALYA"
"509","GLPS- Nelguli(1-5)","vkh","77.487685","12.774628",,,"RC00009","HAROHALLI"
"510","GLPS-SadanaPalya(1-5)","vkh","77.482891","12.768918",,,"RC00009","HAROHALLI"
"511","GLPS-Nettigere(1-5)","vkh","77.494388","12.759045",,,"RC00009","HAROHALLI"
"512","GHPS-Ravugodlu(1-5)","vkh","77.499591","12.747745",,,"RC00009","HAROHALLI"
"513","RV GHS-Jayanagar(9-10)","vkh",,,,,"RC00021","PUTTENAHALLI"
"514","GMPS-Thalaghattapura(1-5)","vkh","77.536771","12.869265",,,"RC00015","KAGGALIPURA"
"515","GLPS-Vasudevapura(1-5)","vkh","77.520966","12.794571",,,"RC00015","KAGGALIPURA"
"516","GHS- Kaggalipura(9-10)","vkh","77.510201","12.806601",,,"RC00015","KAGGALIPURA"
"517","GLPS-Kunchigara Palya(1-5)","vkh","77.522748","12.801968",,,"RC00015","KAGGALIPURA"
"518","GLPS-Lakshmipura(1-5)","vkh","77.512901","12.834095",,,"RC00015","KAGGALIPURA"
"519","GHPS- GanigaraPalya(1-5)","vkh","77.532125","12.874811",,,"RC00015","KAGGALIPURA"
"520","Sri Siddaganga HS-Raghunahalli(9-10)","vkh","77.546456","12.880513",,,"RC00015","KAGGALIPURA"
"521","GMPS- Doddakallasandra(1-5)","vkh","77.555993","12.885458",,,"RC00015","KAGGALIPURA"
"522","GHPS-Vajrahalli(1-5)","vkh","77.542625","12.873538",,,"RC00015","KAGGALIPURA"
"523","GLPS- Vaderahalli(1-5)","vkh","77.526423","12.835441",,,"RC00015","KAGGALIPURA"
"524","GLPS-Saluhunase(1-5)","vkh","77.512221","12.813028",,,"RC00015","KAGGALIPURA"
"525","GLPS- Rajeev Gandhi Nagar(1-5)","vkh","77.518425","12.832585",,,"RC00015","KAGGALIPURA"
"526","GHPS- Obechodahalli(1-5)","vkh","77.520531","12.816736",,,"RC00015","KAGGALIPURA"
"527","GLPS-Udipalya(1-5)","vkh","77.513621","12.890401",,,"RC00015","KAGGALIPURA"
"528","GLPS-Gulakamale(1-5)","vkh","77.523041","12.797555",,,"RC00015","KAGGALIPURA"
"529","GHPS-Taralu(1-5)","vkh","77.522058","12.789411",,,"RC00015","KAGGALIPURA"
"530","GLPS- Gutte Palya(1-5)","vkh","77.529828","12.792095",,,"RC00015","KAGGALIPURA"
"531","Nava Jyothi HPS Mariyapura(1-5)","vkh","77.529791","12.774068",,,"RC00015","KAGGALIPURA"
"532","Nava Jyothi HS Mariyapura(9-10)","vkh","77.529791","12.774068",,,"RC00015","KAGGALIPURA"
"533","GHS-Sarakki(9-10)","vkh","77.578333","12.908293",,,"RC00024","MADIVALA"
"534","GMPS-Kaggalipura(1-5)","vkh","77.508675","12.801058",,,"RC00027","SOMANAHALLI"
"535","GHPS-Somanahalli(1-5)","vkh","77.503613","12.772276",,,"RC00027","SOMANAHALLI"
"536","GUHPS-Kaggalipura(1-5)","vkh","77.508176","12.799241",,,"RC00027","SOMANAHALLI"
"537","GLPS-Naukal Palya(1-5)","vkh","77.489241","12.794373",,,"RC00027","SOMANAHALLI"
"538","GLPS-Girigowdana Doddi(1-5)","vkh","77.523415","12.745418",,,"RC00027","SOMANAHALLI"
"539","GLPS-Mukodlu(1-5)","vkh","77.528541","12.756328",,,"RC00027","SOMANAHALLI"
"540","GHPS- Naganayakanahalli(1-5)","vkh","77.477733","12.792453",,,"RC00027","SOMANAHALLI"
"541","Sri Maruthi HS-Thataguni(9-10)","vkh","77.512245","12.843205",,,"RC00027","SOMANAHALLI"
"542","APS-HS - Somanahalli(9-10)","vkh","77.496685","12.785733",,,"RC00027","SOMANAHALLI"
"543","GHPS- Kaggalipura Colony(1-5)","vkh","77.504853","12.805588",,,"RC00027","SOMANAHALLI"
"544","GLPS-Gaadipalya(1-5)","vkh",,,,,"RC00027","SOMANAHALLI"
"545","GHPS-Uttari (1-5)","vkh","77.494331","12.818076",,,"RC00027","SOMANAHALLI"
"546","GHPS- Gubbalala(1-5)","vkh","77.541741","12.885535",,,"RC00027","SOMANAHALLI"
"547","GHPS- Thathaguni(1-5)","vkh","77.511491","12.844115",,,"RC00027","SOMANAHALLI"
"548","GLPS-Karechoodanahalli(1-5)","vkh","77.488681","12.782845",,,"RC00027","SOMANAHALLI"
"549","GHPS-Banjarapalya(1-5)","vkh","77.486061","12.830091",,,"RC00027","SOMANAHALLI"
"550","GLPS-Pattareddypalya(1-5)","vkh","77.505348","12.794886",,,"RC00027","SOMANAHALLI"
"551","GHPS-Agara(1-5)","vkh","77.486968","12.844431",,,"RC00027","SOMANAHALLI"
"552","GHS-Agara(9-10)","vkh","77.486968","12.844431",,,"RC00027","SOMANAHALLI"
"553","GHPS-Thurahalli(1-5)","vkh",,,,,"RC00022","RR NAGARA"
"554","Sahakari Viday Kendra HPS - Padmanabhangara(1-5)","vkh","77.559418","12.918408",,,"RC00030","BENDRE NAGARA"
"555","Sahakari Viday Kendra HS - Padmanabhangara(9-10)","vkh","77.559418","12.918408",,,"RC00030","BENDRE NAGARA"
"556","GHPS-Vasanthapura(1-5)","vkh","77.550673","12.895926",,,"RC00022","RR NAGARA"
"557","GHPS-Chikkalasandra(1-5)","vkh","77.550118","12.914923",,,"RC00030","BENDRE NAGARA"
"558","Banashankari  HS-Bendre Nagara(9-10)","vkh","77.561523","12.915175",,,"RC00030","BENDRE NAGARA"
"559","Sri Banashankari HPS - Bendrenagara(1-5)","vkh","77.561523","12.915175",,,"RC00030","BENDRE NAGARA"
"560","Bhuvaneshswari HPS - Bendrenagara(1-5)","vkh","77.562601","12.913548",,,"RC00030","BENDRE NAGARA"
"561","GHPS- Kadernahalli(1-5)","vkh","77.562298","12.916245",,,"RC00030","BENDRE NAGARA"
"562","GLPS- GiriNagar Gutte(1-5)","vkh","77.537885","12.943866",,,"RC00022","RR NAGARA"
"563","Tent School - GiriNagar Gutte(1-5)","vkh",,,,,"RC00030","BENDRE NAGARA"
"564","Dayananda LPS - Chandra Nagara (1-5)","vkh","77.565398","12.900775",,,"RC00030","BENDRE NAGARA"
"565","Dayanada HS - Chandra Nagara(9-10)","vkh","77.565398","12.900775",,,"RC00030","BENDRE NAGARA"
"566","GHPS - Kumaraswamy Layout(1-5)","vkh","77.557726","12.906136",,,"RC00030","BENDRE NAGARA"
"567","GLPS-Gowdanapalya(1-5)","vkh","77.555013","12.909069",,,"RC00030","BENDRE NAGARA"
"568","GHPS- Kattriguppe(1-5)","vkh","77.552735","12.929506",,,"RC00030","BENDRE NAGARA"
"569","GHPS- Veerabhadranagara(1-5)","vkh","77.537116","12.938985",,,"RC00022","RR NAGARA"
"570","ST.Francis's xeviyar somanahalli(1-5)","vkh","77.507261","12.771931",,,"RC00027","SOMANAHALLI"
"571","GHPS Chandra nagar(1-5)","vkh","77.563308","12.900776",,,"RC00030","BENDRE NAGARA"
"572","Vidya Vikasa kendra gerupalya(1-5)","vkh","77.442948","12.884588",,,"RC00013","K UPA NAGARA"
"573","VIdya Vikasa kendra gerupalya(9-10)","vkh","77.442948","12.884588",,,"RC00013","K UPA NAGARA"
"574","GHPS SUNKKENAHALLI (1-5)","vkh","77.563511","12.945213",,,"RC00018","MUDALA PALYA"
"575","GHS SUNKKENAHALLI(9-10)","vkh","77.563511","12.945213",,,"RC00018","MUDALA PALYA"
"576","GURUKULA  VIDYA PEETA HPS (1-5)","vkh","77.479556","12.902998",,,"RC00013","K UPA NAGARA"
"577","SSA - NRST center(1-5)","vkh",,,,,"RC00013","K UPA NAGARA"
"578","GHPS Bhanu kegeri Upanagara(1-5)","vkh",,,,,"RC00013","K UPA NAGARA"
"579","Poorna Pragna LPS - Poorna Pragna Layout (1-5)","vkh","77.535975","12.906845",,,"RC00022","RR NAGARA"
"580","GLPS - Nallakana doddi (1-5)","vkh",,,,,"RC00015","KAGGALIPURA"
"581","JSS - HS Mailsandra(9-10)","vkh",,,,,"RC00013","K UPA NAGARA"
"582","Panchamuki Gunamuki HPS  (1-5)","vkh",,,,,"RC00013","K UPA NAGARA"
"583","GMPS - Dodda kallasandra(9-10)","vkh",,,,,"RC00015","KAGGALIPURA"
"584","St. Joseph KHPS(1-5)","vkh","77.569641","12.962638",,,"RC00016","MAGADI ROAD"
"585","St. Joseph KHS Mysore Road(9-10)","vkh","77.569641","12.962638",,,"RC00016","MAGADI ROAD"
"586","Karnataka Vidya Vardhaka High school(9-10)","vkh","77.533148","12.964771",,,"RC00018","MUDALA PALYA"
"587","GUHS- Goripalya(9-10)","vkh","77.557055","12.963555",,,"RC00001","AKKIPET"
"588","GUHPS Gori palya(1-5)","vkh","77.557055","12.963555",,,"RC00001","AKKIPET"
"589","Manjunath HS - Vidyaranya Nagara(9-10)","vkh",,,,,"RC00016","MAGADI ROAD"
"590","GHS Yediyur (9-10)","vkh","77.575968","12.930745",,,"RC00016","MAGADI ROAD"
"591","GMPS - Yadiyur (1-5)","vkh","77.575968","12.930745",,,"RC00016","MAGADI ROAD"
"592","GMPS Doopanahalli(1-5)","vkh","77.639008","12.967325",,,"RC00006","AUSTIN TOWN"
"593","GTaHPS- Austin Town(1-5)","vkh","77.616011","12.961336",,,"RC00006","AUSTIN TOWN"
"594","GKHPS- YalagondanaPalya(1-5)","vkh","77.616193","12.964181",,,"RC00006","AUSTIN TOWN"
"595","GMPS-Neelasandra(1-5)","vkh","77.612116","12.957631",,,"RC00006","AUSTIN TOWN"
"596","GMPS- Domlur(1-5)","vkh","77.634558","12.961716",,,"RC00006","AUSTIN TOWN"
"597","GHS-Domlur(9-10)","vkh","77.64083","12.959116",,,"RC00010","J B NAGARA"
"598","GTaLPS + GKLPS-Ashok Nagar(1-5)","vkh","77.611003","12.968006",,,"RC00007","ULSOOR"
"599","St. Anne's GHPS- Ulsoor(1-5)","vkh","77.626026","12.974026",,,"RC00007","ULSOOR"
"600","St. Anne's GHS- Ulsoor(9-10)","vkh","77.626026","12.974026",,,"RC00007","ULSOOR"
"601","GKLPS- Gowtamapura(1-5)","vkh","77.624401","12.969746",,,"RC00007","ULSOOR"
"602","GKHPS-Jogupalya(1-5)","vkh","77.630756","12.972511",,,"RC00007","ULSOOR"
"603","GTaLPS-Jogupalya(1-5)","vkh","77.630756","12.972511",,,"RC00007","ULSOOR"
"604","GKHPS-Appareddy Playa(1-5)","vkh","77.637468","12.973968",,,"RC00007","ULSOOR"
"605","GUHPS- Yalagondanapalya(1-5)","vkh","77.612881","12.963035",,,"RC00006","AUSTIN TOWN"
"606","GHPS-Ibbaluru(1-5)","vkh","77.663445","12.921231",,,"RC00020","PANATHUR"
"607","GLPS-Rajendra Nagara (1-5)","vkh","77.617076","12.944811",,,"RC00003","KORAMANGALA"
"608","GHPS Munichinnappa -Augodi(1-5)","vkh","77.607016","12.944221",,,"RC00003","KORAMANGALA"
"609","GTaHPS- Vivek Nagar(1-5)","vkh","77.621221","12.955231",,,"RC00003","KORAMANGALA"
"610","GKHPS- Vivek Nagar(1-5)","vkh","77.621221","12.955231",,,"RC00003","KORAMANGALA"
"611","GLPS-Srinivaagilu(1-5)","vkh","77.633393","12.937151",,,"RC00003","KORAMANGALA"
"612","GMPS-Kormangala(1-5)","vkh","77.618896","12.943463",,,"RC00003","KORAMANGALA"
"613","Padmavathi HS- Auduodi(9-10)","vkh","77.606481","12.943996",,,"RC00003","KORAMANGALA"
"614","GGHS-Audugodi(9-10)","vkh","77.607016","12.944221",,,"RC00003","KORAMANGALA"
"615","GMPS-MARP- Lane-Audugodi(1-5)","vkh","77.611826","12.941053",,,"RC00003","KORAMANGALA"
"616","GTeHS-Vivek Nagar(9-10)","vkh","77.621221","12.955231",,,"RC00003","KORAMANGALA"
"617","GTeHPS- Vivek Nagar(1-5)","vkh","77.621221","12.955231",,,"RC00003","KORAMANGALA"
"618","GLPS- Mestri Palya(1-5)","vkh","77.625406","12.933122",,,"RC00003","KORAMANGALA"
"619","GHPS-Ejipura(1-5)","vkh","77.629761","12.944813",,,"RC00003","KORAMANGALA"
"620","GHS- Ejipura(9-10)","vkh","77.628866","12.944815",,,"RC00003","KORAMANGALA"
"621","GHPS- KSRTC Shanthi Nagar(1-5)","vkh","77.600406","12.953856",,,"RC00002","AUDUGODI"
"622","GHPS-Akkithimmahnahalli(1-5)","vkh","77.601229","12.959521",,,"RC00002","AUDUGODI"
"623","GTaHPS-Padhupachari(1-5)","vkh","77.601336","12.959221",,,"RC00002","AUDUGODI"
"624","Shanthi HPS-W Garden(1-5)","vkh","77.600635","12.953498",,,"RC00002","AUDUGODI"
"625","GHPS- Kembathahalli(1-5)","vkh",,,,,"RC00019","JIGANI"
"626","GMPS- Konakunte(1-5)","vkh","77.568171","12.889895",,,"RC00030","BENDRE NAGARA"
"627","JSS HS - Konakunte (9-10)","vkh","77.568908","12.887198",,,"RC00030","BENDRE NAGARA"
"628","GMPS-Puttenahalli(1-5)","vkh","77.581888","12.897531",,,"RC00021","PUTTENAHALLI"
"629","GHS- Puttenahalli(9-10)","vkh","77.581888","12.897531",,,"RC00021","PUTTENAHALLI"
"630","GLPS- Gulbarga Colony(1-5)","vkh","77.593578","12.931461",,,"RC00021","PUTTENAHALLI"
"631","GHPS- Byrasandra(1-5)","vkh","77.592621","12.933843",,,"RC00021","PUTTENAHALLI"
"632","Rani Sarala devi HPS - Jayanagar(1-5)","vkh","77.585578","12.939245",,,"RC00021","PUTTENAHALLI"
"633","Rani Sarala Devi HS - Jayanagar(9-10)","vkh","77.584566","12.938851",,,"RC00021","PUTTENAHALLI"
"634","GHPS- Lalbagh Siddapura(1-5)","vkh","77.588536","12.945796",,,"RC00021","PUTTENAHALLI"
"635","Gangamma GHS-Hombe Gowda Nagara(9-10)","vkh","77.595853","12.947878",,,"RC00002","AUDUGODI"
"636","GHPS- Lakkasandra(1-5)","vkh","77.599925","12.943953",,,"RC00003","KORAMANGALA"
"637","HombeGowda BHS - Hombegowda Nagara(9-10)","vkh","77.596658","12.947576",,,"RC00002","AUDUGODI"
"638","SESS -LPS-Lal Bhag Siddapura(1-5)","vkh","77.591246","12.947061",,,"RC00021","PUTTENAHALLI"
"639","St. Andress-HPS(1-5)","vkh","77.590958","12.945128",,,"RC00021","PUTTENAHALLI"
"640","GMPS-Bommanahalli(1-5)","vkh","77.629721","12.906436",,,"RC00026","SINGASANDRA"
"641","GHS-Beretenana Agrahara(9-10)","vkh","77.655711","12.867251",,,"RC00026","SINGASANDRA"
"642","GHPS-Beretenana Agrahara(1-5)","vkh","77.655711","12.867251",,,"RC00026","SINGASANDRA"
"643","GHPS-Govinda Shetty Palya(1-5)","vkh","77.671811","12.853841",,,"RC00026","SINGASANDRA"
"644","GHPS-Doodanagamangala(1-5)","vkh","77.675121","12.862291",,,"RC00026","SINGASANDRA"
"645","GHPS- Central Jail(1-5)","vkh","77.667415","12.881281",,,"RC00026","SINGASANDRA"
"646","Channakeshava HS - Chennakeshava nagar(9-10)","vkh","77.653858","12.870568",,,"RC00026","SINGASANDRA"
"647","GLPS- P Agrahara(1-5)","vkh","77659808","12.881055",,,"RC00026","SINGASANDRA"
"648","GHPS-Singasandra(1-5)","vkh","77.647596","12.877611",,,"RC00026","SINGASANDRA"
"649","Channakeshava HPS - Singasandra(1-5)","vkh","77.654043","12.870301",,,"RC00026","SINGASANDRA"
"650","R K S HPS - Yediyur(1-5)","vkh",,,,,"RC00024","MADIVALA"
"651","GHPS-KSRP Jakkasandra(1-5)","vkh","77.632521","12.924381",,,"RC00024","MADIVALA"
"652","GHPS- Dairy Colony(1-5)","vkh","77.607228","12.938723",,,"RC00024","MADIVALA"
"653","GHPS-Jakkasandra(1-5)","vkh","77.636931","12.925003",,,"RC00024","MADIVALA"
"654","GMPS-Venkatapura(1-5)","vkh","77.632521","12.920793",,,"RC00024","MADIVALA"
"655","GMPS-Thavarekere(1-5)","vkh","77.610118","12.921748",,,"RC00024","MADIVALA"
"656","Buddha HS - Jai bheema nagar(9-10)","vkh","77.615045","12.918976",,,"RC00024","MADIVALA"
"657","Buddha HPS - Jai bheema nagar(1-5)","vkh","77.615045","12.918976",,,"RC00024","MADIVALA"
"658","RS HS - Madivala(9-10)","vkh","77.615278","12.924783",,,"RC00024","MADIVALA"
"659","GHPS-Suduguntepalya(1-5)","vkh","77.608268","12.930696",,,"RC00024","MADIVALA"
"660","GMPS-Madivala(1-5)","vkh","77.620946","12.921863",,,"RC00024","MADIVALA"
"661","GHS-Madivala(9-10)","vkh","77.620946","12.921863",,,"RC00024","MADIVALA"
"662","Sri Sathyanarayana HPS - Madiwala(1-5)","vkh","77.618623","12.924713",,,"RC00024","MADIVALA"
"663","JSS HS-Jayanagar(9-10)","vkh","77.575811","12.922291",,,"RC00024","MADIVALA"
"664","NSVK HS - Jayanagar(9-10)","vkh","77.575725","12.927506",,,"RC00024","MADIVALA"
"665","VidyaJyothi-KHPS - BTM layout(1-5)","vkh","77.616253","12.914188",,,"RC00012","K R PURAM"
"666","GHS-Begur(9-10)","vkh","77.624013","12.882541",,,"RC00029","JAYANAGARA"
"667","St. Theresa HS - Begur(9-10)","vkh","77.626391","12.874025",,,"RC00029","JAYANAGARA"
"668","GMPS-Begur(1-5)","vkh","77.623761","12.881703",,,"RC00029","JAYANAGARA"
"669","GHPS-GarveBhaviPalya(1-5)","vkh",,,,,"RC00026","SINGASANDRA"
"670","GHPS-Yellukunte(1-5)","vkh","77.641263","12.905603",,,"RC00024","MADIVALA"
"671","St. Theresa HPS - Begur(1-5)","vkh","77.626391","12.874025",,,"RC00029","JAYANAGARA"
"672","GHPS-Aralukunte(1-5)","vkh",,,,,"RC00026","SINGASANDRA"
"673","GHPS-Agra(1-5)","vkh","77.649921","12.923663",,,"RC00024","MADIVALA"
"674","GHS-Agra(9-10)","vkh","77.649925","12.923015",,,"RC00024","MADIVALA"
"675","GHPS-Parangipalya(1-5)","vkh","77.649116","12.907323",,,"RC00024","MADIVALA"
"676","GHS-Jayanagar 9th Block(9-10)","vkh","77.595858","12.918681",,,"RC00029","JAYANAGARA"
"677","GHPS-Puttainapalya(1-5)","vkh","77.593973","12.919791",,,"RC00029","JAYANAGARA"
"678","Sri Sangameshwara HPS-NS Palya(1-5)","vkh",,,,,"RC00029","JAYANAGARA"
"679","Patel Vidya Samste - NS Palya(9-10)","vkh","77.602155","12.911795",,,"RC00029","JAYANAGARA"
"680","GHPS-Gurrappanapalya(1-5)","vkh","77.604036","12.917395",,,"RC00029","JAYANAGARA"
"681","SV Kendra HPS - Jayanagara 9th Block(1-5)","vkh","77.597656","12.918438",,,"RC00029","JAYANAGARA"
"682","GHPS-Kodichikkanahalli(1-5)","vkh","77.619961","12.900645",,,"RC00029","JAYANAGARA"
"683","SVS-Hongasandra(1-5)","vkh","77.627161","12.892046",,,"RC00029","JAYANAGARA"
"684","GHPS-Bilekahalli(1-5)","vkh","77.608421","12.899818",,,"RC00029","JAYANAGARA"
"685","MEWA HPS - Jayanagar 9th block(1-5)","vkh","77.596431","12.921325",,,"RC00029","JAYANAGARA"
"686","MEWA HS - Jayanagara 9th block(9-10)","vkh","77.596431","12.921325",,,"RC00029","JAYANAGARA"
"687","GHPS-NS Palya(1-5)","vkh","77.604498","12.908898",,,"RC00029","JAYANAGARA"
"688","SSBHPS-Roopena Agrahara(1-5)","vkh","77.625096","12.910425",,,"RC00029","JAYANAGARA"
"689","GMPS-Hongasandra(1-5)","vkh","77.624398","12.896158",,,"RC00029","JAYANAGARA"
"690","GHPS-Bettadasanapura(1-5)","vkh","77.635213","12.858481",,,"RC00019","JIGANI"
"691","GHPS-Vittasandra(1-5)","vkh","77.630883","12.858466",,,"RC00019","JIGANI"
"692","GLPS-Chikka Thogaru(1-5)","vkh","77.653271","12.857451",,,"RC00026","SINGASANDRA"
"693","GLPS-Basavapura(1-5)","vkh","77.647138","12.865595",,,"RC00026","SINGASANDRA"
"694","GHPS-Konappana Agrahara(1-5)","vkh","77.669011","12.849583",,,"RC00026","SINGASANDRA"
"695","GHS-Konappana Agrahara(9-10)","vkh","77.669011","12.849583",,,"RC00026","SINGASANDRA"
"696","GHPS- Dodda Thogaru( 1-5)","vkh","77.656211","12.851768",,,"RC00019","JIGANI"
"697","Tent scholl - Kodichikkanahalli(1-5)","vkh",,,,,"RC00029","JAYANAGARA"
"698","KHPS Gnan Prakash Nagar(1-5)","vkh",,,,,"RC00029","JAYANAGARA"
"699","Neharu tent school-belekahalli(1-5)","vkh","77.606546","12.903193",,,"RC00029","JAYANAGARA"
"700","SV Kendra HS - Jayanagara 9th Block(9-10)","vkh","77.597656","12.918438",,,"RC00029","JAYANAGARA"
"701","LOYOLA HS bannerghatta road(9-10)","vkh","77.589458","12.870028",,,"RC00021","PUTTENAHALLI"
"702","Sri Rama Krishna Samgra HPS(1-5)","vkh","77.585826","12.865651",,,"RC00021","PUTTENAHALLI"
"703","lOYOLA HPS Bannerghatta road(1-5)","vkh","77.589458","12.870028",,,"RC00021","PUTTENAHALLI"
"704","GHS WIlson Garden(9-10)","vkh","77.596656","12.948531",,,"RC00002","AUDUGODI"
"705","GHPS Wilson Garden (1-5)","vkh","77.596718","12.948605",,,"RC00002","AUDUGODI"
"706","VIDYA JYOTHI HS BTM LAYOUT (9-10)","vkh",,,,,"RC00012","K R PURAM"
"707","GKTaLPS - L R NAGARA","vkh","77.615423","12.950492",,,"RC00003","KORAMANGALA"
"708","GTaHPS- New Thippasandra(1-5)","vkh","77.612881","12.963035",,,"RC00006","AUSTIN TOWN"
"709","GHPS- Ramagondanahalli(1-5)","vkh","77.738556","12.956668",,,"RC00017","MARATHAHALLI"
"710","RajaVeera MadakariNayaka HS(9-10)","vkh","77.738265","12.955173",,,"RC00017","MARATHAHALLI"
"711","GHPS-Munnekolala(1-5)","vkh","77.706686","12.951768",,,"RC00017","MARATHAHALLI"
"712","GKHPS- Aswanthanagara(1-5)","vkh","77.702681","12.959785",,,"RC00017","MARATHAHALLI"
"713","GMPS- DoddaneKundi(1-5)","vkh","77.695841","12.971886",,,"RC00017","MARATHAHALLI"
"714","GHS-DoddaneKundi(9-10)","vkh","77.695841","12.971886",,,"RC00017","MARATHAHALLI"
"715","GLPS-Belur Nagasandra(1-5)","vkh","77.655105","12.943023",,,"RC00017","MARATHAHALLI"
"716","GLPS- Tubharahalli(1-5)","vkh","77.721058","12.955515",,,"RC00017","MARATHAHALLI"
"717","GHPS-Chalaghatta(1-5)","vkh","77.648866","12.945501",,,"RC00017","MARATHAHALLI"
"718","Yuvaka Vikas H S-Marthahalli(9-10)","vkh","77.696158","12.958625",,,"RC00017","MARATHAHALLI"
"719","GHPS- Sanjaya Nagara(1-5)","vkh","77.696158","12.958625",,,"RC00017","MARATHAHALLI"
"720","GMPS- Marathahalli(1-5)","vkh","77.693621","12.953926",,,"RC00017","MARATHAHALLI"
"721","GMPS- Yamalur(1-5)","vkh","77.680851","12.947225",,,"RC00017","MARATHAHALLI"
"722","GLPS-Manjunath Nagara(1-5)","vkh","77.694575","12.956846",,,"RC00017","MARATHAHALLI"
"723","GLPS-Chinnapanahalli(1-5)","vkh","77.702331","12.965165",,,"RC00017","MARATHAHALLI"
"724","GHPS-Siddapura(1-5)","vkh","77.731631","12.955706",,,"RC00017","MARATHAHALLI"
"725","GLPS- Belur Kempapura(1-5)","vkh","77.672493","12.945995",,,"RC00017","MARATHAHALLI"
"726","GULPS- Marathahalli(1-5)","vkh","77.697245","12.958045",,,"RC00017","MARATHAHALLI"
"727","GLPS-Halanayakanahalli(1-5)","vkh","77.688268","12.899876",,,"RC00020","PANATHUR"
"728","GLPS-A.Krishnappa Nagara(1-5)","vkh",,,,,"RC00020","PANATHUR"
"729","GLPS- Junnasandra(1-5)","vkh","77.683671","12.906715",,,"RC00020","PANATHUR"
"730","GHPS-Devara besanahalli(1-5)","vkh","77.691798","12.923736",,,"RC00020","PANATHUR"
"731","GLPS-Boganahalli(1-5)","vkh","77.702498","12.928421",,,"RC00020","PANATHUR"
"732","GHPS-Panathur(1-5)","vkh","77.704681","12.936668",,,"RC00020","PANATHUR"
"733","GUHPS-Bellandur(1-5)","vkh","77.678355","12.930898",,,"RC00020","PANATHUR"
"734","GLPS-Kadubeesanahalli(1-5)","vkh","77.696986","12.940213",,,"RC00020","PANATHUR"
"735","GLPS-Kariyamma Agrahara(1-5)","vkh","77.685441","12.936451",,,"RC00020","PANATHUR"
"736","GMPS-Bellandur(1-5)","vkh","77.675961","12.930633",,,"RC00020","PANATHUR"
"737","GLPS-Chikkanayakanahalli(1-5)","vkh","77.694063","12.893201",,,"RC00020","PANATHUR"
"738","GTaHPS-Anandapura(1-5)","vkh","77.658036","12.964388",,,"RC00010","J B NAGARA"
"739","GLPS-NelluruPura(1-5)","vkh","77.663205","12.967445",,,"RC00010","J B NAGARA"
"740","GLPS-Sudhama Nagar(1-5)","vkh","77.661563","12.964381",,,"RC00010","J B NAGARA"
"741","GMPS-J.B.Nagar(1-5)","vkh","77.654891","12.968051",,,"RC00010","J B NAGARA"
"742","GHPS-Murgeshpalya(1-5)","vkh","77.656591","12.962851",,,"RC00010","J B NAGARA"
"743","GHPS-Kodihali(1-5)","vkh","77.647185","12.964275",,,"RC00010","J B NAGARA"
"744","GMPS- Vimanapura(1-5)","vkh","77.647185","12.964275",,,"RC00010","J B NAGARA"
"745","GTaHPS-Tarakaramanagar(1-5)","vkh","77.664943","12.966931",,,"RC00010","J B NAGARA"
"746","GLPS -Garaka manthanapalya(1-5)","vkh",,,,,"RC00008","HAL"
"747","Sacred Heart's Girls HS-J B Nagar(9-10)","vkh","77.662041","12.965023",,,"RC00010","J B NAGARA"
"748","Dr. Ambedkar HPS-Kodihalli(1-5)","vkh","77.648136","12.962363",,,"RC00010","J B NAGARA"
"749","Sacred Heart's GHPS-J B Nagar(1-5)","vkh","77.662041","12.965023",,,"RC00010","J B NAGARA"
"750","Sir M Vishweshwaraya HS(9-10)","vkh","77.658345","12.958736",,,"RC00010","J B NAGARA"
"751","GHS- J B Nagar(9-10)","vkh","77.654891","12.968051",,,"RC00010","J B NAGARA"
"752","GLPS-Panathur Dinne(1-5)","vkh","77.713021","12.929745",,,"RC00031","VARTHURU"
"753","GLPS-Mulluru Colony(1-5)","vkh","77.712511","12.900075",,,"RC00031","VARTHURU"
"754","GHPS-Mulluru(1-5)","vkh","77.723683","12.901138",,,"RC00031","VARTHURU"
"755","GHPS-Kodati(1-5)","vkh","77.712918","12.889443",,,"RC00031","VARTHURU"
"756","GLPS-Sulkunte(1-5)","vkh","77.728371","12.888766",,,"RC00031","VARTHURU"
"757","GLPS-SulikunteDinne(1-5)","vkh","77.735153","12.888216",,,"RC00031","VARTHURU"
"758","GMPS-Gunjur(1-5)","vkh","77.736181","12.922903",,,"RC00031","VARTHURU"
"759","GMPS-Varthur(1-5)","vkh","77.747546","12.939151",,,"RC00031","VARTHURU"
"760","GHS-Gunjur(9-10)","vkh","77.736181","12.922903",,,"RC00031","VARTHURU"
"761","GHPS-GunjurPalya(1-5)","vkh","77.716726","12.922745",,,"RC00031","VARTHURU"
"762","GLPS-Madhuranagar(1-5)","vkh","77.761516","12.941246",,,"RC00031","VARTHURU"
"763","GHPS-Balagere(1-5)","vkh","77.728908","12.938643",,,"RC00031","VARTHURU"
"764","GHS- Varthur(9-10)","vkh","77.746508","12.942308",,,"RC00031","VARTHURU"
"765","GHPS-Dodda kannali(1-5)","vkh","77.695671","12.907618",,,"RC00020","PANATHUR"
"766","GLPS- Hado Siddapura(1-5)","vkh","77.701146","12.894848",,,"RC00031","VARTHURU"
"767","GUHPS-Varthur(1-5)","vkh","77.746955","12.938271",,,"RC00031","VARTHURU"
"768","Anjanadri HS Doddakannali(9-10)","vkh","77.698515","12.910668",,,"RC00020","PANATHUR"
"769","GHPS-Kundalahalli(1-5)","vkh","77.718656","12.967745",,,"RC00032","WHITE FIELD"
"770","GHPS-Nellurahalli(1-5)","vkh","77.734938","12.969376",,,"RC00032","WHITE FIELD"
"771","St.Joseph HPS-Whitefield(1-5)","vkh","77.749728","12.976528",,,"RC00032","WHITE FIELD"
"772","GHPS-Kadugodi Plantation (1-5)","vkh","77.763641","12.997973",,,"RC00032","WHITE FIELD"
"773","GLPS-A K G Colony (1-5)","vkh","77.761009","12.980786",,,"RC00032","WHITE FIELD"
"774","GULPS-Whitefiled( Vijayanagar)(1-5)","vkh","12.757381","12.976916",,,"RC00032","WHITE FIELD"
"775","GLPS- Ambedkar Nagar(1-5)","vkh","77.755231","12.977743",,,"RC00032","WHITE FIELD"
"776","GLPS- Vijaya Nagar(1-5)","vkh","77.754958","12.975758",,,"RC00032","WHITE FIELD"
"777","GHPS-Gandhipura(1-5)","vkh","77.753055","12.969991",,,"RC00032","WHITE FIELD"
"778","GMPS-Immadihalli(1-5)","vkh","77.758841","12.963511",,,"RC00032","WHITE FIELD"
"779","GHS-Immadihalli(9-10)","vkh","77.759868","12.965151",,,"RC00032","WHITE FIELD"
"780","GLPS- Nagagondanahalli(1-5)","vkh","77.771815","12.975178",,,"RC00032","WHITE FIELD"
"781","GHPS-Sadaramangala(1-5)","vkh","77.738138","12.999936",,,"RC00014","KADUGODI"
"782","GLPS-Devasandra(1-5)","vkh",,,,,"RC00012","K R PURAM"
"783","GLPS-Kodigehalli(1-5)","vkh","77.728246","13.004256",,,"RC00014","KADUGODI"
"784","GLPS-Valepura Dinne(1-5)","vkh","77.769621","12.950543",,,"RC00031","VARTHURU"
"785","GLPS-Valepura  (1-5)","vkh","77.764985","12.955403",,,"RC00031","VARTHURU"
"786","GLPS-Kaachamaamhalli(1-5)","vkh","77.733921","12.912821",,,"RC00031","VARTHURU"
"787","GLPS- Annasanadrapalya(1-5)","vkh","77.672353","12.964598",,,"RC00008","HAL"
"788","Kairalinilayam HS - HAL(9-10)","vkh","77.669148","12.960921",,,"RC00008","HAL"
"789","Kairalee Nilayam HPS - HAL(1-5)","vkh","77.669148","12.960921",,,"RC00008","HAL"
"790","GLPS-Vibhuthipura(1-5)","vkh","77.677488","12.964428",,,"RC00008","HAL"
"791","Sri VeerabadraSwamy HS Vibuthi pura(9-10)","vkh","77.679348","12.965121",,,"RC00008","HAL"
"792","Sri VeeraBadra Swamy HPS vibuthi pura(1-5)","vkh","77.679348","12.965121",,,"RC00008","HAL"
"793","GLPS-MalleshanaPalya(1-5)","vkh","77.672066","12.976768",,,"RC00008","HAL"
"794","GLPS-VignyaNagara(1-5)","vkh","77.686788","12.980755",,,"RC00005","CAUVERI NAGARA"
"795","West Primary School - HAL(1-5)","vkh","77.665101","12.960476",,,"RC00008","HAL"
"796","Devani Ammal TaHPS-HAL(1-5)","vkh","77.665533","12.960181",,,"RC00008","HAL"
"797","TeHPS-Vimanapura(1-5)","vkh","77.681783","12.956341",,,"RC00008","HAL"
"798","GLPS-Srirama Nagari(1-5)","vkh","77.656541","12.957141",,,"RC00010","J B NAGARA"
"799","GHPS-K.Agrahara(1-5)","vkh","77.661581","12.958795",,,"RC00008","HAL"
"800","Gandhiji Memorial HPS - HAL colony(1-5)","vkh","77.665216","12.964146",,,"RC00008","HAL"
"801","Vimanapura HS - HAL(9-10)","vkh","77.681783","12.956341",,,"RC00008","HAL"
"802","East Primary - HAL(1-4)","vkh","77.681741","12.960046",,,"RC00008","HAL"
"803","GHPS-Sheegehalli(1-5)","vkh","77.716955","13.013835",,,"RC00014","KADUGODI"
"804","GLPS-Seetharamampalya(1-5)","vkh","77.717285","12.982365",,,"RC00014","KADUGODI"
"805","GHPS- Basavanna Nagara(1-5)","vkh","77.718658","12.983811",,,"RC00014","KADUGODI"
"806","GHPS- Belathuru (1-5)","vkh","77.755606","13.005201",,,"RC00014","KADUGODI"
"807","GLPS-Chikkabanahalli(1-5)","vkh","77.751428","13.019076",,,"RC00014","KADUGODI"
"808","GLPS-beevana Mara Colony(1-5)","vkh","77.739206","13.024378",,,"RC00014","KADUGODI"
"809","GMPS- Kanna Mangala(1-5)","vkh","77.770238","13.026518",,,"RC00011","JYOTHIPURA"
"810","GHS-Kanna Mangala(9-10)","vkh","77.772833","13.024031",,,"RC00011","JYOTHIPURA"
"811","GLPS-Dinnuru(1-5)","vkh","77.770526","13.018821",,,"RC00011","JYOTHIPURA"
"812","GMPS- Kadugudi(1-5)","vkh","77.763641","12.997973",,,"RC00014","KADUGODI"
"813","GHS-Kadugudi(9-10)","vkh","77.763641","12.997973",,,"RC00014","KADUGODI"
"814","GLPS-Kunbena Agrahara(1-5)","vkh","77.747595","13.001529",,,"RC00014","KADUGODI"
"815","GLPS-Kundalahalli Colony(1-5)","vkh","77.711758","12.970098",,,"RC00032","WHITE FIELD"
"816","GHPS-Channasandra - White field(1-5)","vkh","77.768378","12.981603",,,"RC00032","WHITE FIELD"
"817","GLPS-Goravigere(1-5)","vkh","77.770763","13.042096",,,"RC00011","JYOTHIPURA"
"818","GHS-Doddabanahalli(9-10)","vkh","77.746115","13.019863",,,"RC00011","JYOTHIPURA"
"819","GLPS-Bendigaanahalli(1-5)","vkh","77.759801","13.067801",,,"RC00011","JYOTHIPURA"
"820","GHPS-Doddabanahalli(1-5)","vkh","77.746115","13.019863",,,"RC00011","JYOTHIPURA"
"821","GHPS-Jodi HosKuru(1-5)","vkh","77.765723","13.055003",,,"RC00011","JYOTHIPURA"
"822","Sundari Ammal Memorial HPS - Avalahalli(1-5)","vkh","77.742228","13.040766",,,"RC00011","JYOTHIPURA"
"823","GHPS-Veerenahalli(1-5)","vkh","77.736755","13.023661",,,"RC00011","JYOTHIPURA"
"824","GHPS-Kaagisonnenahalli(1-5)","vkh","77.770235","13.038005",,,"RC00011","JYOTHIPURA"
"825","GHPS-Avalahalli(1-5)","vkh","77.735011","13.033418",,,"RC00011","JYOTHIPURA"
"826","GLPS- NimbekaayiPura(1-5)","vkh","77.756245","13.058193",,,"RC00011","JYOTHIPURA"
"827","GLPS- katamnalluru(1-5)","vkh","77.764706","13.049546",,,"RC00011","JYOTHIPURA"
"828","GHS-Jodihuskuru(9-10)","vkh","77.765723","13.055003",,,"RC00011","JYOTHIPURA"
"829","GLPS-SuduguntePalya(1-5)","vkh","77.656415","12.983826",,,"RC00005","CAUVERI NAGARA"
"830","GLPS-Byrasandra(1-5)","vkh","77.665918","12.981318",,,"RC00005","CAUVERI NAGARA"
"831","GHPS-Kaggadasapura(1-5)","vkh","77.677221","12.982468",,,"RC00005","CAUVERI NAGARA"
"832","GHPS-Nagavaarapalya(1-5)","vkh","77.663593","12.990231",,,"RC00005","CAUVERI NAGARA"
"833","GMPS- B. Narayanapura(1-5)","vkh","77.687216","12.998381",,,"RC00005","CAUVERI NAGARA"
"834","GMPS- A. Narayanapura(1-5)","vkh","77.676351","12.997726",,,"RC00005","CAUVERI NAGARA"
"835","GHS- B. Narayanapura(9-10)","vkh","77.687216","12.998381",,,"RC00005","CAUVERI NAGARA"
"836","GHPS-Mahadevapura(1-5)","vkh","77.687175","12.990661",,,"RC00005","CAUVERI NAGARA"
"837","GLPS-Singayanapalya(1-5)","vkh","77.694001","12.997691",,,"RC00005","CAUVERI NAGARA"
"838","GHPS-Cauvery Nagar(1-5)","vkh","77.706401","12.997158",,,"RC00005","CAUVERI NAGARA"
"839","GHPS-Garudcharpalya(1-5)","vkh","77.700273","12.989483",,,"RC00005","CAUVERI NAGARA"
"840","GHS-Garudcharpalya(9-10)","vkh","77.695471","12.994905",,,"RC00005","CAUVERI NAGARA"
"841","GHPS-Thriveni Nagra(1-5)","vkh","77.692226","13.004031",,,"RC00012","K R PURAM"
"842","Manu HPS-Vijinapura(1-5)","vkh","77.670133","13.008193",,,"RC00012","K R PURAM"
"843","Kalpana Chawla Tent School - Jyothipura(1-5)","vkh",,,,,"RC00005","CAUVERI NAGARA"
"844","GMPS-Vijanapura(1-5)","vkh","77.671076","13.004356",,,"RC00012","K R PURAM"
"845","GLPS-Andhra Colony(1-5)","vkh","77.674665","12.996831",,,"RC00005","CAUVERI NAGARA"
"846","GLPS-Jyothipura(1-5)","vkh","77.670015","12.999248",,,"RC00005","CAUVERI NAGARA"
"847","GLPS-Maragondanahalli(1-5)","vkh","77.691581","13.037411",,,"RC00028","T C PALYA"
"848","GLPS-Varanasi(1-5)","vkh","77.685235","13.028915",,,"RC00028","T C PALYA"
"849","GLPS-Anandapura(1-5)","vkh","77.693103","13.024255",,,"RC00028","T C PALYA"
"850","GHS-Kalkere(9-10)","vkh","77.673705","13.032875",,,"RC00028","T C PALYA"
"851","GHPS-Kalkere(1-5)","vkh","77.673705","13.032875",,,"RC00028","T C PALYA"
"852","GLPS- Bhattarahalli(1-5)","vkh","77.709671","13.022061",,,"RC00004","BHATTARAHALLI"
"853","GLPS-Halehalli(1-5)","vkh","77.704475","13.034753",,,"RC00004","BHATTARAHALLI"
"854","GHPS-Kittanooru(1-5)","vkh","77.710226","13.037005",,,"RC00004","BHATTARAHALLI"
"855","GHPS-Medahalli(1-5)","vkh","77.720216","13.026758",,,"RC00004","BHATTARAHALLI"
"856","GLPS-Kurudusonnenahalli(1-5)","vkh","77.732425","13.014051",,,"RC00004","BHATTARAHALLI"
"857","GLPS-Aduru(1-5)","vkh","77.709701","13.055656",,,"RC00004","BHATTARAHALLI"
"858","GHPS-Bidarahalli(1-5)","vkh","77.716543","13.060943",,,"RC00004","BHATTARAHALLI"
"859","GHS-Bidarahalli(9-10)","vkh","77.717163","13.060456",,,"RC00004","BHATTARAHALLI"
"860","GLPS-Chimasandra(1-5)","vkh","77.737201","13.049253",,,"RC00004","BHATTARAHALLI"
"861","GLPS-khattugollahalli(1-5)","vkh","77.735551","13.094983",,,"RC00004","BHATTARAHALLI"
"862","GHPS-Jyothipura(1-5)","vkh","77.748026","13.101501",,,"RC00004","BHATTARAHALLI"
"863","GHS-Jyothipura(9-10)","vkh","77.748026","13.101501",,,"RC00004","BHATTARAHALLI"
"864","GHPs-Haraluru(1-5)","vkh","77.665331","12.903383",,,"RC00026","SINGASANDRA"
"865","GHPS- Kaigondranahalli(1-5)","vkh","77.677765","12.913841",,,"RC00020","PANATHUR"
"866","GLPS-Kasavanahalli(1-5)","vkh","77.676661","12.905651",,,"RC00020","PANATHUR"
"867","Renuka HS Kaigondrahalli(9-10)","vkh","77.672881","12.915321",,,"RC00026","SINGASANDRA"
"868","St.Anthony HS - TC Palya(9-10)","vkh","77.699431","13.020288",,,"RC00028","T C PALYA"
"869","GLPS - LM Nagar(1-5)","vkh","77.676416","13.007903",,,"RC00012","K R PURAM"
"870","GHPS-Koudenahalli(1-5)","vkh","77.671471","13.019195",,,"RC00028","T C PALYA"
"871","GLPS-Muneshswara Nagar(1-5)","vkh","77.671235","13.017955",,,"RC00028","T C PALYA"
"872","GHPS-RM Nagara(1-5)","vkh","77.682316","13.011416",,,"RC00012","K R PURAM"
"873","GHS-RM Nagara(9-10)","vkh","77.682316","13.011416",,,"RC00012","K R PURAM"
"874","St. Theresa HPS- Tambuchettiplaya(1-5)","vkh","77.699431","13.020288",,,"RC00028","T C PALYA"
"875","ITI Vidya Mandira(1-5)","vkh","77.686088","13.007595",,,"RC00028","T C PALYA"
"876","ITI Vidya Mandira(9-10)","vkh","77.684055","13.007595",,,"RC00028","T C PALYA"
"877","GHPS- K R Puram(1-5)","vkh","77.697461","13.012915",,,"RC00012","K R PURAM"
"878","GHPS- Chikka Devasadra(1-5)","vkh","77.704813","13.004725",,,"RC00012","K R PURAM"
"879","GHPS- Chikka Basavanapura(1-5)","vkh","77.709419","13.009226",,,"RC00012","K R PURAM"
"880","GHPS-Seegehalli - KR Puram(1-5)","vkh","77.761508","13.013306",,,"RC00014","KADUGODI"
"881","GHS- K R Puram(9-10)","vkh","77.697461","13.012915",,,"RC00012","K R PURAM"
"882","BVN HS- Devasandra(9-10)","vkh","77.699895","13.006705",,,"RC00012","K R PURAM"
"883","GMPS- Hoodi (1-5)","vkh","77.718281","12.995183",,,"RC00014","KADUGODI"
"884","GHS- Hoodi (9-10)","vkh","77.716853","12.993131",,,"RC00014","KADUGODI"
"885","Channakeshava HS - Bidrahalli(9-10)","vkh","77.716406","13.056716",,,"RC00004","BHATTARAHALLI"
"886","TENT SCHOOL  - BRUNDAVAN(1-5)","vkh","77.682701","12.97474",,,"RC00008","HAL"
"887","TENT SCHOOL  - LB SHASTHRI NAGARA(1-5)","vkh","77.670053","12.970891",,,"RC00008","HAL"
"888","TENT SCHOOL THUBHARAHALLI(1-5)","vkh","77.719208","12.953653",,,"RC00017","MARATHAHALLI"
"889","TENT SCHOOL  - APJ ABDHUL KHALAM(1-5)","vkh",,,,,"RC00011","JYOTHIPURA"
"890","TENT SCHOOL  - KUVEMPU(1-5)","vkh","77.759095","13.020415",,,"RC00014","KADUGODI"
"891","GLPS CHINNANAGENAHALLI (1-5)","vkh","77.744216","13.031791",,,"RC00011","JYOTHIPURA"
"892","GLPS Bhandapura (1-5)","vkh","77.747741","13.039391",,,"RC00011","JYOTHIPURA"
"893","Vikasa HS Ram murthy nagar(9-10)","vkh","77.670163","13.010623",,,"RC00028","T C PALYA"
"894","GHPS Sorahunase (1-5)","vkh","77.753281","12.944926",,,"RC00031","VARTHURU"
"895","GLPS Pattandur Agrahara(1-5)","vkh","77.733518","12.981245",,,"RC00032","WHITE FIELD"
"896","BVN HPS Devasandra(1-5)","vkh","77.699583","13.005356",,,"RC00012","K R PURAM"
"897","Tent School Sudgunte palya (1-5)","vkh",,,,,"RC00010","J B NAGARA"
"898","Tent school  Hoodi(1-5)","vkh","77.721256","12.997216",,,"RC00014","KADUGODI"
"899","APSA-Annasandra palya (1-5)","vkh","77.673826","12.966793",,,"RC00008","HAL"
"900","GHPS - Hirandahalli(1-5)","vkh","77.722871","13.046421",,,"RC00004","BHATTARAHALLI"
"901","GHPS - Byappanahalli(1-5)","vkh","77.720398","13.071051",,,"RC00004","BHATTARAHALLI"
"902","NCLSS (Action Devalopment Trust)(1-5)","vkh",,,,,"RC00020","PANATHUR"
"903","Tent school - Nagagondanahalli(1-5)","vkh",,,,,"RC00032","WHITE FIELD"
"904","Tent school School - Pattalamma Layout(Channasandr","vkh",,,,,"RC00032","WHITE FIELD"
"905","Ambedkar HS Kodihalli (9-10)","vkh",,,,,"RC00010","J B NAGARA"
"906","GLPS THIRUMALENAHALLI(1-5)","vkh",,,,,"RC00004","BHATTARAHALLI"
"907","NCLP - Boommenehalli(1-5)","vkh",,,,,"RC00004","BHATTARAHALLI"
"908",,"vkh",,,,,"RC00032","WHITE FIELD"
"909","GMPS-Kudlu(1-5)","vkh","77.656931","12.888526",,,"RC00026","SINGASANDRA"
"910","GHPS-Bannareghatta(1-5)","vkh","77.580783","12.814015",,,"RC00019","JIGANI"
"911","GHPS-Bingipura(1-5)","vkh","77.632443","12.826188",,,"RC00019","JIGANI"
"912","GUHPS-Shikaripalya(1-5)","vkh","77.652531","12.834681",,,"RC00019","JIGANI"
"913","GHPS-Margondanahalli(1-5)","vkh","77.651446","12.822766",,,"RC00019","JIGANI"
"914","GHPS-Thirupalya(1-5)","vkh","77.669056","12.823618",,,"RC00019","JIGANI"
"915","GHPS-Hebbagodi(1-5)","vkh","77.602366","12.825513",,,"RC00019","JIGANI"
"916","GHPS-Kittaganahalli(1-5)","vkh","77.696201","12.802705",,,"RC00019","JIGANI"
"917","GMPS-Jigani(1-5)","vkh","77.635961","12.787098",,,"RC00019","JIGANI"
"918","GUHPS-Jigani(1-5)","vkh","77.635961","12.787098",,,"RC00019","JIGANI"
"919","GHPS-Begihalli(1-5)","vkh",,,,,"RC00019","JIGANI"
"920","ICES - KHPS-Kempanayakanahalli(1-5)","vkh","77.586606","12.815478",,,"RC00019","JIGANI"
"921","Champadhama HS - Bannergatta(9-10)","vkh","77.578268","12.813023",,,"RC00019","JIGANI"
"922","Tent school - Shikari Palya(1-5)","vkh",,,,,"RC00019","JIGANI"
"923","NCLP - Shikaripalya (1-5)","vkh",,,,,"RC00019","JIGANI"
"924","IGCC  - NIMHANCE (P)","vkh",,,,,"RC00021","PUTTENAHALLI"
"925","GUHPS-Harohalli(1-5)","vkh","77.470895","12.679721",,,"RC00009","HAROHALLI"
"926","GHPS-Kaggalahalli(1-5)","vkh","77.487966","12.728893",,,"RC00009","HAROHALLI"
"927","GHPS-Vaderahalli(1-5)","vkh","77.480056","12.740031",,,"RC00009","HAROHALLI"
"928","GHPS-Konasandra(1-5)","vkh","77.509655","12.665295",,,"RC00009","HAROHALLI"
"929","GLPS-Yedamadu(1-5)","vkh","77.490425","12.735021",,,"RC00009","HAROHALLI"
"930","GHS- Kaggalahalli(9-10)","vkh","77.487773","12.728613",,,"RC00009","HAROHALLI"
"931","GLPS-ParuvayyanaPlaya(1-5)","vkh","77.486379","12.718155",,,"RC00009","HAROHALLI"
"932","GHPS-Gabbadi(1-5)","vkh","77.481806","12.713406",,,"RC00009","HAROHALLI"
"933","GLPS- Marasandra(1-5)","vkh","77.482906","12.683241",,,"RC00009","HAROHALLI"
"934","Rural HS - Harohalli(9-10)","vkh","77.470895","12.681473",,,"RC00009","HAROHALLI"
"935","Bapu HPS - Horohalli(1-5)","vkh","77.471401","12.680651",,,"RC00009","HAROHALLI"
"936","GLPS- Thamasandra(1-5)","vkh","77.466501","12.672949",,,"RC00009","HAROHALLI"
"937","GHPS-Dyavasandra(1-5)","vkh","77.506128","12.672858",,,"RC00009","HAROHALLI"
"938","GLPS- Gantakana Doddi(1-5)","vkh","77.487791","12.740016",,,"RC00009","HAROHALLI"
"939","GMPS- Harohalli(1-5)","vkh","77.470101","12.680338",,,"RC00009","HAROHALLI"
"940","GHS - Harohalli(9-10)","vkh","77.471525","12.680108",,,"RC00009","HAROHALLI"
"941","GHPS-Medmaranahalli(1-5)","vkh","77.452101","12.701395",,,"RC00009","HAROHALLI"
"942","GLPS-DPEP-Harohalli(1-5)","vkh","77.475671","12.678928",,,"RC00009","HAROHALLI"
"943","GHS- Dyavasandra(9-10)","vkh","77.506626","12.678273",,,"RC00009","HAROHALLI"
"944","GHPS- A Ramapura(1-5)","vkh","77.514866","12.656788",,,"RC00009","HAROHALLI"
"945","GHPS- Muthsandra(1-5)","vkh","77.761516","12.941246",,,"RC00031","VARTHURU"
"946","GLPS-Koraluru(1-5)","vkh","77.784743","12.997918",,,"RC00032","WHITE FIELD"
"947","CHS Vidayranyanagara(8th)","vkh","77.548396","12.973575",,,"RC00016","MAGADI ROAD"
"948","CNS Govindaraj Nagara(Nursery)","vkh","77.534801","12.978095",,,"RC00016","MAGADI ROAD"
"949","CPS Govindaraj Nagar(1-5)","vkh","77.534801","12.978095",,,"RC00016","MAGADI ROAD"
"950","CNS Yadiyur( Nuresry)","vkh","77.575756","12.931078",,,"RC00016","MAGADI ROAD"
"951","CHS Chamarajpet(8th)","vkh","77.563341","12.959671",,,"RC00016","MAGADI ROAD"
"952","CPUC Magadi Road(11-12)","vkh","77.563341","12.959671",,,"RC00016","MAGADI ROAD"
"953","CHS Magadi Road(8th)","vkh","77.563341","12.959671",,,"RC00016","MAGADI ROAD"
"954","CGHS Padarayanapura(8th)","vkh","77.550093","12.965003",,,"RC00016","MAGADI ROAD"
"955","CGPUC Padarayanapura(11-12)","vkh","77.550093","12.965003",,,"RC00016","MAGADI ROAD"
"956","CGPUC Chamarajpet(11-12)","vkh","77.563341","12.959671",,,"RC00016","MAGADI ROAD"
"957","CNS-Shastri Nagar (Nursery)","vkh","77.572766","12.932563",,,"RC00018","MUDALA PALYA"
"958","CNS- Tata Silk Farm (Nursery)","vkh","77.573771","12.935283",,,"RC00018","MUDALA PALYA"
"959","CGHS KG Nagar(8th)","vkh","77.563888","12.951371",,,"RC00001","AKKIPET"
"960","CBHS KG Nagar(8th)","vkh","77.561723","12.953091",,,"RC00001","AKKIPET"
"961","CNS K G Nagar(Nuresery)","vkh","77.562411","12.945811",,,"RC00001","AKKIPET"
"962","CPUC- Kasturibha Nagara(11-12)","vkh","77.549673","12.955791",,,"RC00018","MUDALA PALYA"
"963","CHS- Kasturibha Nagara(8th)","vkh","77.549673","12.955791",,,"RC00018","MUDALA PALYA"
"964","CHS Mudapalya(8th)","vkh","77.519155","12.964221",,,"RC00018","MUDALA PALYA"
"965","CPUC Mudalapalya(11-12)","vkh","77.518928","12.963313",,,"RC00018","MUDALA PALYA"
"966","CNS Annapooreneshswari Nagara","vkh","77.515865","12.970338",,,"RC00018","MUDALA PALYA"
"967","CHS Herohalli(8-9)","vkh",,,,,"RC00022","RR NAGARA"
"968","CPS Neelasandra(1-5)","vkh","77.611428","12.954408",,,"RC00006","AUSTIN TOWN"
"969","CGHS Austin Town(8th)","vkh","77.616626","12.961613",,,"RC00006","AUSTIN TOWN"
"970","CGPUC Austin Town(11-12)","vkh","77.616626","12.961613",,,"RC00006","AUSTIN TOWN"
"971","CPS- Austin Town(1-5)","vkh","77.618871","12.959326",,,"RC00006","AUSTIN TOWN"
"972","CNS- Doopanahalli(Nursery)","vkh","77.639008","12.967325",,,"RC00006","AUSTIN TOWN"
"973","CBHS- Austin Town(8th)","vkh","77.616071","12.958901",,,"RC00006","AUSTIN TOWN"
"974","CNS- Austin Town(Nursery)","vkh","77.618871","12.959326",,,"RC00006","AUSTIN TOWN"
"975","CNS- Neelasandra(Nursery)","vkh","77.611428","12.954408",,,"RC00006","AUSTIN TOWN"
"976","CGHS- Murphy Town(8th)","vkh","77.628088","12.979326",,,"RC00007","ULSOOR"
"977","CNS- Ashok Nagar(Nursery)","vkh","77.611003","12.968006",,,"RC00007","ULSOOR"
"978","CNS- Murphy Road(Nursery)","vkh","77.628088","12.979326",,,"RC00007","ULSOOR"
"979","CNS-Ulsoor (Nursery)","vkh","77.623458","12.978258",,,"RC00007","ULSOOR"
"980","CNS- Akkipet(Nursery)","vkh","77.571625","12.969468",,,"RC00001","AKKIPET"
"981","CNS- Anjappa Garden(Nursery)","vkh","77.564631","12.965488",,,"RC00001","AKKIPET"
"982","CNS- Cubbon Pet(Nursery)","vkh","77.582058","12.971111",,,"RC00001","AKKIPET"
"983","CGHS- Cotton Pet(8th)","vkh","77.573328","12.970051",,,"RC00001","AKKIPET"
"984","CNS- TCM Rayan Road(Nursery)","vkh","77.568548","12.971526",,,"RC00001","AKKIPET"
"985","CNS- Beera Devara Gudi(Nursery)","vkh","77.571165","12.967208",,,"RC00001","AKKIPET"
"986","CNS- Magadi Road(Nursery)","vkh","77.560993","12.972953",,,"RC00001","AKKIPET"
"987","CNS- Padarayanapura(Nursery)","vkh","77.555903","12.966458",,,"RC00001","AKKIPET"
"988","CNS- V S Garden(Nursery)","vkh","77.557255","12.963911",,,"RC00001","AKKIPET"
"989","CNS- JJR Nagar(Nursery)","vkh","77.558398","12.963916",,,"RC00001","AKKIPET"
"990","CNS-  Old Pension Mahal(Nursery)","vkh","77.566428","12.964693",,,"RC00001","AKKIPET"
"991","CGPUC- Banappa Park(11-12)","vkh","77.583656","12.971041",,,"RC00001","AKKIPET"
"992","CNS- Bannappa Park(Nursery)","vkh","77.583656","12.971041",,,"RC00001","AKKIPET"
"993","CHS-Banappa Park (8th)","vkh","77.583656","12.971041",,,"RC00001","AKKIPET"
"994","CPS-Akkipet(1-5)","vkh","77.571625","12.969468",,,"RC00001","AKKIPET"
"995","CNS- Gowtampura (Nursery)","vkh","77.624401","12.969746",,,"RC00007","ULSOOR"
"996","CNS- Jogupalya (Nursery)","vkh","77.627336","12.973275",,,"RC00007","ULSOOR"
"997","CPS-Jogupalya(1-5)","vkh","77.630756","12.972511",,,"RC00007","ULSOOR"
"998","CBHS-Jogupalya(8th)","vkh","77.630756","12.972511",,,"RC00007","ULSOOR"
"999","CGPUC- Jogupalya(11-12)","vkh","77.630441","12.974011",,,"RC00007","ULSOOR"
"1000","CGHS-Jogupalya(8th)","vkh","77.630441","12.974011",,,"RC00007","ULSOOR"
"1001","CNS-Kodihalli(Nursery)","vkh","77.646246","12.959471",,,"RC00010","J B NAGARA"
"1002","CNS-Domlur(Nursery)","vkh","77.635078","12.961041",,,"RC00010","J B NAGARA"
"1003","CNS- Kormangala( Nursery)","vkh","77.617076","12.944811",,,"RC00003","KORAMANGALA"
"1004","CNS(Nursery)- Chinnaianapalya","vkh","77.600945","12.947028",,,"RC00003","KORAMANGALA"
"1005","CPS Chinnaianapalya(1-5)","vkh","77.600945","12.947028",,,"RC00003","KORAMANGALA"
"1006","CHS- Shanthi Nagara(8th)","vkh","77.601518","12.957163",,,"RC00002","AUDUGODI"
"1007","CNS-Richmond Town(Nursery)","vkh","77.600443","12.963243",,,"RC00002","AUDUGODI"
"1008","CNS-S R Nagar (Nursery)","vkh","77.592203","12.963968",,,"RC00002","AUDUGODI"
"1009","CNS-Jalakanteshswara Nagar (Nursery)","vkh","77.599783","12.951936",,,"RC00002","AUDUGODI"
"1010","CNS-Mothi Nagar(Nursery)","vkh","77.575041","12.961561",,,"RC00002","AUDUGODI"
"1011","CNS-Fire Works Colony(Nursery)","vkh","77.584495","12.959751",,,"RC00002","AUDUGODI"
"1012","CNS-Kalasipalya(Nursery)","vkh","77.575028","12.957873",,,"RC00002","AUDUGODI"
"1013","CNS-Marenahalli(Nursery)","vkh",,,,,"RC00021","PUTTENAHALLI"
"1014","CHS-Byrasandra(8th)","vkh",,,,,"RC00021","PUTTENAHALLI"
"1015","CNS-Byrasandra (Nursery)","vkh",,,,,"RC00021","PUTTENAHALLI"
"1016","CNS-Ashok Nagar( Hanumantha Nagara)","vkh","77.564881","12.937606",,,"RC00030","BENDRE NAGARA"
"1017","CHS-Ashok Nagar(8th)","vkh","77.564881","12.937606",,,"RC00030","BENDRE NAGARA"
"1018","CNS-Lakkasandra(Nursery)","vkh","77.601148","12.942655",,,"RC00003","KORAMANGALA"
"1019","CPS-Lakkasandra(1-5)","vkh","77.601148","12.942655",,,"RC00003","KORAMANGALA"
"1020","CNS- Jayanagar","vkh",,,,,"RC00021","PUTTENAHALLI"
"1021","CNS-Thavareker(Nursery)","vkh","77.610118","12.921748",,,"RC00024","MADIVALA"
"1022","CNS - SS Garden(Nursery)","vkh",,,,,"RC00023","S S GARDEN"
"1023","CNS-Cox Town(Nursery)","vkh",,,,,"RC00023","S S GARDEN"
"1024","CHS-Cox Town(8-10)","vkh",,,,,"RC00023","S S GARDEN"
"1025","CNS - Azad Nagar","vkh","77.557431","12.956283",,,"RC00001","AKKIPET"
"1026","CNS  - VALMIKI NAGARA","vkh","77.553593","12.957878",,,"RC00018","MUDALA PALYA"
"1027","CNS Rajaji Nagara","vkh","77.553215","12.980306",,,"RC00016","MAGADI ROAD"
"1028","CPS Panchashila Nagara(1-5)","vkh",,,,,"RC00018","MUDALA PALYA"
"1029","St. Joseph Convent School(P)","vkh","77.518375","12.979408",,,"RC00018","MUDALA PALYA"
"1030","Sri Maruthi Charitable Trust(P)","vkh","77.521561","12.905096",,,"RC00013","K UPA NAGARA"
"1031","Samridhdhi Trust  - Thubharahalli  (P)","vkh","77.718391","12.947551",,,"RC00017","MARATHAHALLI"
"1032","Samparka Bellanduru (P)","vkh",,,,,"RC00020","PANATHUR"
"1033","Samparka Ibbaluru (P)","vkh",,,,,"RC00020","PANATHUR"
"1034","SKID-Kodihalli(Air port Road)(p)","vkh","77.648885","12.957273",,,"RC00010","J B NAGARA"
"1035","Parikrama Centre For Learning- Kormangala(P)","vkh","77.618616","12.944911",,,"RC00003","KORAMANGALA"
"1036","YWCA- L R Nagar(P)","vkh","77.615423","12.950492",,,"RC00003","KORAMANGALA"
"1037","Indus Inter national School(P)","vkh","77.736181","12.922903",,,"RC00031","VARTHURU"
"1038","Ananya Trust(P)","vkh","77.714438","12.909853",,,"RC00031","VARTHURU"
"1039","S N Vidya Mandira (P)","vkh","77.753124","12.980603",,,"RC00032","WHITE FIELD"
"1040","Divine Light Trust- Hope Farm Circle(P)","vkh","77.753253","12.984556",,,"RC00032","WHITE FIELD"
"1041","Sharavathi Kannada HPS-Hosadoddi (P)","vkh","77.484113","12.766281",,,"RC00009","HAROHALLI"
"1042","AMC- Nimhans (P)","vkh","77.596996","12.937835",,,"RC00002","AUDUGODI"
"1043","Parikrama Centre For Learning -Jayanagar(P)","vkh",,,,,"RC00021","PUTTENAHALLI"
"1044","VIKASANA - THATHAGUNI (P)","vkh","77.486968","12.844431",,,"RC00027","SOMANAHALLI"
"1045","Ambigara Chowdaiah(P) - Vasanthapura (P)","vkh",,,,,"RC00037","BANGALORE UNIVERSITY"
"1046","RBANMS HPS- St.John Road(P)","vkh",,,,,"RC00023","S S GARDEN"
"1047","Presidency Church School L B Shastri Nagara (P)","vkh","77.670006","12.968206",,,"RC00008","HAL"
"1048","Samridhdhi Trust  - Ibbaluru  (P)","vkh",,,,,"RC00020","PANATHUR"
"1049","Nachikethana  (P)","vkh","77.533845","12.972291",,,"RC00016","MAGADI ROAD"
"1050","Spastic Society of Karnataka (P)","vkh","770641761","12.980561",,,"RC00006","AUSTIN TOWN"
"1051","EKALAVYA SCHOOL NSPALYA (P)","vkh",,,,,"RC00029","JAYANAGARA"
"1052","Mesthri palya slum(P)","vkh","77.625628","12.933695",,,"RC00003","KORAMANGALA"
"1053","Anukampa Mano Vikasa Kendra yelikodigehalli(P)","vkh",,,,,"RC00013","K UPA NAGARA"
"1054","Sri Veerabhadra Swamy Residential School (P)","vkh","77.681073","12.964601",,,"RC00008","HAL"
"1055","Sri Vaishnavi SEA (1-5)","vkh","77.476561","12.681941",,,"RC00009","HAROHALLI"
"1056","Sri Nandu Baba Seva Samethi - N.Nagar","vkh",,,,,"RC00030","BENDRE NAGARA"
"1057","PRAGATHI CHARITABLE TRUST SAJJE PALYA (P)","vkh",,,,,"RC00018","MUDALA PALYA"
"1058","PRAGATHI CHARITABLE TRUST ERRANANNA PALYA (P)","vkh",,,,,"RC00022","RR NAGARA"
"1059","Sahana Charitabale Trust (p) - Vijayanagara","vkh",,,,,"RC00018","MUDALA PALYA"
"1060","Lumbini Gurukula- Harohalli (P)","vkh",,,,,"RC00009","HAROHALLI"
"1061","Sandya Kiran (P)","vkh","77.599328","12.962903",,,"RC00002","AUDUGODI"
"1062","Samparka - Kadbisanahalli (P)","vkh",,,,,"RC00020","PANATHUR"
"1063",,,,,,,,
